"journal","impact","revised","n","unchanged","rate"
"computational and systems oncology",0.294117647058824,7,9,2,0.777777777777778
"journal of vision",0.303500541320823,38,82,44,0.463414634146341
"journal of the american society of nephrology",0.319573763707842,22,23,1,0.956521739130435
"biophysical journal",0.357150997150997,249,443,194,0.562076749435666
"journal of the endocrine society",0.382742960944596,4,8,4,0.5
"cancer research",0.527453911310414,87,90,3,0.966666666666667
"immunology",0.52930728241563,12,21,9,0.571428571428571
"the journal of immunology",0.52930728241563,20,25,5,0.8
"zootaxa",0.53406795224977,5,11,6,0.454545454545455
"the international journal of neuropsychopharmacology",0.542276422764228,6,8,2,0.75
"diabetes",0.544345668802977,30,40,10,0.75
"gen biotechnology",0.592920353982301,9,10,1,0.9
"microbiology resource announcements",0.635243960208432,8,14,6,0.571428571428571
"gastroenterology",0.687990616259136,13,15,2,0.866666666666667
"sleep",0.720650042028579,19,30,11,0.633333333333333
"neuro-oncology",0.745215510068231,16,20,4,0.8
"ethology",0.797520661157025,11,16,5,0.6875
"american journal of respiratory and critical care medicine",0.800240529164161,9,10,1,0.9
"the journal of the acoustical society of america",0.806774809160305,15,24,9,0.625
"neuro-oncology advances",0.856269113149847,7,10,3,0.7
"f1000research",0.927455595976889,16,34,18,0.470588235294118
"plant disease",0.933052434456929,6,7,1,0.857142857142857
"zebrafish",0.948717948717949,4,8,4,0.5
"journal of microbiology & biology education",0.959514170040486,6,11,5,0.545454545454545
"blood",0.960111928014924,39,44,5,0.886363636363636
"open research europe",0.99186330349878,4,9,5,0.444444444444444
"neuroimage. reports",0.992063492063492,14,26,12,0.538461538461538
"biophysics and physicobiology",1,4,8,4,0.5
"osteoarthritis and cartilage",1.04986522911051,5,8,3,0.625
"wellcome open research",1.05918367346939,8,16,8,0.5
"evolution & development",1.0625,2,8,6,0.25
"journal of computational neuroscience",1.12121212121212,4,13,9,0.307692307692308
"microbiologyopen",1.12297734627832,9,13,4,0.692307692307692
"developmental dynamics",1.14074074074074,5,12,7,0.416666666666667
"brain sciences",1.14143920595533,21,37,16,0.567567567567568
"biometrics",1.14318181818182,10,14,4,0.714285714285714
"behavior genetics",1.1685393258427,4,8,4,0.5
"limnology and oceanography: methods",1.19617224880383,6,10,4,0.6
"biological journal of the linnean society",1.20265780730897,8,16,8,0.5
"frontiers in systems neuroscience",1.22916666666667,7,14,7,0.5
"biological psychiatry",1.26115166261152,36,43,7,0.837209302325581
"yeast",1.26890756302521,6,10,4,0.6
"star protocols",1.27001862197393,10,12,2,0.833333333333333
"journal of experimental zoology part b: molecular and developmental evolution",1.27972027972028,5,10,5,0.5
"access microbiology",1.30346820809249,6,12,6,0.5
"genes to cells",1.30962343096234,8,15,7,0.533333333333333
"journal of computational biology",1.31088082901554,10,12,2,0.833333333333333
"aperture neuro",1.31521739130435,5,13,8,0.384615384615385
"brain connectivity",1.32989690721649,11,15,4,0.733333333333333
"biotropica",1.33620689655172,8,11,3,0.727272727272727
"the annals of applied statistics",1.33962264150943,4,9,5,0.444444444444444
"faseb bioadvances",1.34239130434783,5,9,4,0.555555555555556
"developmental neurobiology",1.34710743801653,4,9,5,0.444444444444444
"genetic epidemiology",1.34959349593496,10,21,11,0.476190476190476
"clinical cancer research",1.36521437250477,30,37,7,0.810810810810811
"american journal of biological anthropology",1.36607142857143,5,13,8,0.384615384615385
"biophysical reports",1.36986301369863,30,42,12,0.714285714285714
"fems microbiology letters",1.37037037037037,5,8,3,0.625
"brain stimulation",1.37206764866339,17,34,17,0.5
"canadian journal of fisheries and aquatic sciences",1.38337801608579,7,9,2,0.777777777777778
"journal of fish biology",1.38665132336018,7,10,3,0.7
"american journal of primatology",1.39318885448916,8,14,6,0.571428571428571
"international journal for numerical methods in biomedical engineering",1.39413680781759,3,13,10,0.230769230769231
"journal of medical entomology",1.41645885286783,9,10,1,0.9
"journal of heredity",1.42654028436019,5,14,9,0.357142857142857
"biology open",1.4304932735426,58,112,54,0.517857142857143
"molecular cancer therapeutics",1.43695014662757,21,26,5,0.807692307692308
"bmc research notes",1.44616788321168,5,14,9,0.357142857142857
"molecular omics",1.45569620253165,7,14,7,0.5
"journal of biophotonics",1.47325769854133,5,10,5,0.5
"statistics in medicine",1.4792576419214,9,17,8,0.529411764705882
"behavioral ecology and sociobiology",1.48148148148148,10,17,7,0.588235294117647
"attention, perception & psychophysics",1.4828431372549,9,12,3,0.75
"agronomy",1.49910873440285,13,16,3,0.8125
"journal of biomechanical engineering",1.5,5,13,8,0.384615384615385
"proteins",1.50406504065041,11,26,15,0.423076923076923
"proteins: structure, function, and bioinformatics",1.50406504065041,21,53,32,0.39622641509434
"developmental biology",1.50816696914701,16,59,43,0.271186440677966
"freshwater biology",1.51325301204819,8,11,3,0.727272727272727
"physical biology",1.51470588235294,15,29,14,0.517241379310345
"developmental psychobiology",1.51923076923077,4,9,5,0.444444444444444
"journal of theoretical biology",1.52214452214452,1,8,7,0.125
"in silico plants",1.53191489361702,11,21,10,0.523809523809524
"biochemistry and biophysics reports",1.53488372093023,7,22,15,0.318181818181818
"psychoneuroendocrinology",1.54054054054054,2,9,7,0.222222222222222
"haematologica",1.5711094564408,6,10,4,0.6
"hardwarex",1.61904761904762,4,16,12,0.25
"phytobiomes journal",1.62068965517241,13,18,5,0.722222222222222
"biological cybernetics",1.625,3,8,5,0.375
"neuroscience letters",1.63004846526656,4,12,8,0.333333333333333
"cancer immunology research",1.63645518630413,33,35,2,0.942857142857143
"immunohorizons",1.63690476190476,13,16,3,0.8125
"frontiers in synaptic neuroscience",1.63888888888889,5,11,6,0.454545454545455
"marine ecology progress series",1.64024390243902,17,18,1,0.944444444444444
"animal cognition",1.64220183486239,7,14,7,0.5
"acs medicinal chemistry letters",1.65325670498084,9,16,7,0.5625
"current zoology",1.6547619047619,5,9,4,0.555555555555556
"journal of molecular endocrinology",1.65714285714286,6,8,2,0.75
"frontiers in neuroimaging",1.6625,3,8,5,0.375
"journal of developmental biology",1.67441860465116,3,9,6,0.333333333333333
"aquatic conservation: marine and freshwater ecosystems",1.67863247863248,8,9,1,0.888888888888889
"physiological genomics",1.68115942028985,9,13,4,0.692307692307692
"journal of comparative neurology",1.68402777777778,7,15,8,0.466666666666667
"the journal of comparative neurology",1.68402777777778,15,32,17,0.46875
"biological psychiatry. cognitive neuroscience and neuroimaging",1.6852207293666,8,12,4,0.666666666666667
"neurobiology of learning and memory",1.6875,4,11,7,0.363636363636364
"ibis",1.68965517241379,11,12,1,0.916666666666667
"circulation",1.69105837769557,18,20,2,0.9
"pathogens and disease",1.69463087248322,8,10,2,0.8
"journal of structural biology: x",1.69565217391304,3,11,8,0.272727272727273
"biological psychiatry global open science",1.69806763285024,27,33,6,0.818181818181818
"behavioral neuroscience",1.70454545454545,12,20,8,0.6
"journal of experimental psychology. general",1.70713201820941,5,8,3,0.625
"chemical senses",1.70967741935484,9,13,4,0.692307692307692
"traffic",1.71604938271605,7,10,3,0.7
"asn neuro",1.72,2,9,7,0.222222222222222
"cytometry part a",1.72072072072072,6,11,5,0.545454545454545
"conservation science and practice",1.74626865671642,8,12,4,0.666666666666667
"journal of microscopy",1.77003484320557,8,17,9,0.470588235294118
"glycobiology",1.77184466019417,15,29,14,0.517241379310345
"journal of alzheimer's disease",1.78947368421053,7,13,6,0.538461538461538
"physiological reports",1.79424216765453,16,25,9,0.64
"journal of experimental biology",1.80878378378378,92,127,35,0.724409448818898
"evolution, medicine, and public health",1.82926829268293,7,7,0,1
"experimental brain research",1.8546511627907,11,22,11,0.5
"febs open bio",1.86099585062241,13,18,5,0.722222222222222
"oncotarget",1.86245353159851,4,8,4,0.5
"acs bio & med chem au",1.87919463087248,7,10,3,0.7
"experimental eye research",1.88338493292054,5,19,14,0.263157894736842
"microlife",1.91111111111111,7,14,7,0.5
"medical and veterinary entomology",1.91414141414141,5,8,3,0.625
"crop science",1.91949910554562,7,17,10,0.411764705882353
"photochemistry and photobiology",1.9208211143695,4,8,4,0.5
"journal of biogeography",1.93145869947276,25,39,14,0.641025641025641
"brain and behavior",1.93455003146633,8,12,4,0.666666666666667
"neuropsychologia",1.94379391100703,5,12,7,0.416666666666667
"rsc chemical biology",1.94484412470024,12,34,22,0.352941176470588
"plant direct",1.94605809128631,27,60,33,0.45
"zoological journal of the linnean society",1.94976076555024,4,11,7,0.363636363636364
"frontiers in cardiovascular medicine",1.95159267619764,14,20,6,0.7
"aob plants",1.96875,5,10,5,0.5
"addiction neuroscience",1.9811320754717,4,12,8,0.333333333333333
"bioinformatics advances",2.0096463022508,88,160,72,0.55
"ecology and evolution",2.01002865329513,129,207,78,0.623188405797101
"bulletin of mathematical biology",2.01047120418848,10,34,24,0.294117647058824
"animal conservation",2.01724137931034,6,9,3,0.666666666666667
"hearing research",2.02386117136659,5,18,13,0.277777777777778
"oikos",2.03288201160542,38,78,40,0.487179487179487
"biochemistry",2.03344867358708,49,73,24,0.671232876712329
"journal of neuroscience research",2.03717472118959,14,25,11,0.56
"nmr in biomedicine",2.03874538745387,11,14,3,0.785714285714286
"geobiology",2.03883495145631,6,8,2,0.75
"behavioral ecology",2.04166666666667,9,12,3,0.75
"american journal of botany",2.04726368159204,25,38,13,0.657894736842105
"biochemical and biophysical research communications",2.05383022774327,5,17,12,0.294117647058824
"journal of mathematical biology",2.05389221556886,5,20,15,0.25
"current microbiology",2.0570281124498,5,7,2,0.714285714285714
"journal of neuroendocrinology",2.05747126436782,9,17,8,0.529411764705882
"addiction biology",2.05813953488372,13,25,12,0.52
"experimental physiology",2.06167979002625,9,11,2,0.818181818181818
"journal of structural biology",2.06280193236715,7,18,11,0.388888888888889
"frontiers in medicine",2.06688713462769,11,20,9,0.55
"journal of evolutionary biology",2.08157099697885,44,83,39,0.530120481927711
"frontiers in bioinformatics",2.08333333333333,18,45,27,0.4
"plant pathology",2.09197651663405,4,7,3,0.571428571428571
"biology of reproduction",2.09796672828096,21,27,6,0.777777777777778
"acta biochimica et biophysica sinica",2.09926470588235,12,16,4,0.75
"heredity",2.10119047619048,29,51,22,0.568627450980392
"transboundary and emerging diseases",2.10909090909091,9,15,6,0.6
"evolution",2.109375,43,67,24,0.641791044776119
"frontiers in veterinary science",2.11578449905482,18,29,11,0.620689655172414
"bmc genomic data",2.12017167381974,7,13,6,0.538461538461538
"soft matter",2.13033605812897,37,46,9,0.804347826086957
"advanced therapeutics",2.13333333333333,9,15,6,0.6
"conservation physiology",2.13658536585366,5,8,3,0.625
"journal of biomechanics",2.15828677839851,12,22,10,0.545454545454545
"molecular and cellular biology",2.16129032258065,7,15,8,0.466666666666667
"european journal of neuroscience",2.1654964894684,54,89,35,0.606741573033708
"translational oncology",2.1695652173913,5,12,7,0.416666666666667
"integrative and comparative biology",2.17197452229299,10,16,6,0.625
"frontiers in oncology",2.17349372601887,36,62,26,0.580645161290323
"cellular and molecular bioengineering",2.18095238095238,5,17,12,0.294117647058824
"brain structure & function",2.2,22,45,23,0.488888888888889
"insects",2.20212362533182,16,30,14,0.533333333333333
"frontiers in physics",2.20569329660239,4,11,7,0.363636363636364
"annals of biomedical engineering",2.20579268292683,6,16,10,0.375
"chembiochem",2.2248322147651,18,27,9,0.666666666666667
"hormones and behavior",2.22602739726027,8,16,8,0.5
"journal of vegetation science",2.23109243697479,8,9,1,0.888888888888889
"pharmacology, biochemistry, and behavior",2.23509933774834,4,10,6,0.4
"journal of applied microbiology",2.23628691983122,10,13,3,0.769230769230769
"febs letters",2.24546722454672,22,33,11,0.666666666666667
"journal of neurophysiology",2.25396825396825,168,218,50,0.770642201834862
"journal of the american society for mass spectrometry",2.25612745098039,12,21,9,0.571428571428571
"frontiers in genetics",2.26419965576592,69,144,75,0.479166666666667
"translational vision science & technology",2.26745562130178,11,16,5,0.6875
"proteomics",2.27293064876958,11,23,12,0.478260869565217
"clinical & translational immunology",2.27388535031847,6,10,4,0.6
"journal of phycology",2.28052805280528,5,7,2,0.714285714285714
"peer community journal",2.28621908127208,19,238,219,0.0798319327731092
"neural computation",2.3,15,31,16,0.483870967741935
"advanced biology",2.30266343825666,27,31,4,0.870967741935484
"limnology and oceanography",2.30294530154278,14,24,10,0.583333333333333
"cognition",2.30650154798762,6,11,5,0.545454545454545
"systematic entomology",2.3125,6,10,4,0.6
"bioscience reports",2.32394366197183,11,18,7,0.611111111111111
"frontiers in neurology",2.33088235294118,5,16,11,0.3125
"human molecular genetics",2.33175355450237,48,88,40,0.545454545454545
"jbmr plus",2.33409090909091,5,10,5,0.5
"journal of animal ecology",2.33613445378151,28,43,15,0.651162790697674
"journal of systematics and evolution",2.34123222748815,5,9,4,0.555555555555556
"american journal of respiratory cell and molecular biology",2.34800838574423,23,29,6,0.793103448275862
"insect conservation and diversity",2.34817813765182,7,10,3,0.7
"molecular cancer research",2.36073059360731,35,45,10,0.777777777777778
"frontiers in neural circuits",2.36363636363636,16,33,17,0.484848484848485
"mobile dna",2.36781609195402,9,20,11,0.45
"frontiers in virology",2.37113402061856,3,13,10,0.230769230769231
"behavioural brain research",2.3782991202346,7,18,11,0.388888888888889
"journal of geophysical research: biogeosciences",2.38636363636364,6,10,4,0.6
"magnetic resonance in medicine",2.38777459407832,36,53,17,0.679245283018868
"journal of neuroscience methods",2.38787878787879,17,33,16,0.515151515151515
"plos one",2.39077330763671,902,2080,1178,0.433653846153846
"journal of applied crystallography",2.39380530973451,9,10,1,0.9
"ecosphere",2.39675174013921,30,59,29,0.508474576271186
"developmental science",2.41210374639769,6,14,8,0.428571428571429
"disease models & mechanisms",2.4185520361991,79,101,22,0.782178217821782
"neuropathology and applied neurobiology",2.4203821656051,6,8,2,0.75
"trends in hearing",2.44375,5,9,4,0.555555555555556
"communications physics",2.45050215208034,8,10,2,0.8
"gene",2.45147969717825,4,8,4,0.5
"hypertension",2.45297504798465,8,10,2,0.8
"chemmedchem",2.45949214026602,7,14,7,0.5
"journal of molecular evolution",2.46794871794872,5,9,4,0.555555555555556
"bmc ecology and evolution",2.47530864197531,29,58,29,0.5
"quantitative plant biology",2.47761194029851,6,13,7,0.461538461538462
"international journal of environmental research and public health",2.47995941146626,6,8,2,0.75
"journal of sleep research",2.48285714285714,13,19,6,0.68421052631579
"american journal of physiology. heart and circulatory physiology",2.49075391180654,10,19,9,0.526315789473684
"psychopharmacology",2.49155722326454,12,30,18,0.4
"advanced materials interfaces",2.49357520786092,8,10,2,0.8
"psychonomic bulletin & review",2.49443207126949,8,13,5,0.615384615384615
"jacc. basic to translational science",2.50646551724138,13,13,0,1
"applications in plant sciences",2.51127819548872,13,19,6,0.68421052631579
"journal of applied physiology",2.51358344113842,9,9,0,1
"peerj",2.51759737212576,100,189,89,0.529100529100529
"journal of molecular cell biology",2.51824817518248,14,18,4,0.777777777777778
"journal of neurotrauma",2.51951219512195,10,15,5,0.666666666666667
"cell research",2.52088772845953,20,25,5,0.8
"the faseb journal",2.52694877505568,79,142,63,0.556338028169014
"brain",2.53978300180832,11,14,3,0.785714285714286
"brain research",2.53978300180832,5,11,6,0.454545454545455
"arteriosclerosis, thrombosis, and vascular biology",2.54262948207171,28,40,12,0.7
"international journal of systematic and evolutionary microbiology",2.543429844098,6,8,2,0.75
"molecular oncology",2.55922330097087,31,40,9,0.775
"social cognitive and affective neuroscience",2.56147540983607,18,25,7,0.72
"annals of botany",2.56279809220986,33,42,9,0.785714285714286
"journal of biological rhythms",2.57017543859649,8,16,8,0.5
"toxicology and applied pharmacology",2.57070063694268,2,7,5,0.285714285714286
"cognitive, affective & behavioral neuroscience",2.57090909090909,8,14,6,0.571428571428571
"journal of cognitive neuroscience",2.57368421052632,59,109,50,0.541284403669725
"bmc medical genomics",2.5817223198594,11,18,7,0.611111111111111
"environmental microbiology reports",2.58450704225352,16,21,5,0.761904761904762
"the journal of general physiology",2.58479532163743,39,55,16,0.709090909090909
"antibody therapeutics",2.58904109589041,15,18,3,0.833333333333333
"the analyst",2.58905109489051,10,13,3,0.769230769230769
"macromolecular bioscience",2.59033613445378,5,7,2,0.714285714285714
"new journal of physics",2.59626719056974,4,8,4,0.5
"insect molecular biology",2.59893048128342,11,22,11,0.5
"european journal of immunology",2.60907504363002,23,38,15,0.605263157894737
"optics express",2.61785379568885,10,19,9,0.526315789473684
"the crispr journal",2.625,24,33,9,0.727272727272727
"neuroimage. clinical",2.65011820330969,23,43,20,0.534883720930233
"pest management science",2.65839909808343,14,20,6,0.7
"frontiers in fungal biology",2.66086956521739,6,11,5,0.545454545454545
"diversity and distributions",2.66485013623978,20,23,3,0.869565217391304
"vaccine",2.66666666666667,10,22,12,0.454545454545455
"frontiers in psychiatry",2.67254358161648,15,27,12,0.555555555555556
"molecular microbiology",2.6728624535316,32,51,19,0.627450980392157
"the plant genome",2.69021739130435,31,50,19,0.62
"bioconjugate chemistry",2.69172932330827,6,10,4,0.6
"optics letters",2.69738717339667,5,10,5,0.5
"current research in neurobiology",2.7037037037037,6,17,11,0.352941176470588
"brain topography",2.70512820512821,7,16,9,0.4375
"journal of biomedical materials research. part a",2.70549450549451,7,9,2,0.777777777777778
"tree physiology",2.70822281167109,15,20,5,0.75
"brain, behavior, & immunity - health",2.71492204899777,9,14,5,0.642857142857143
"biomedical optics express",2.71969696969697,30,65,35,0.461538461538462
"hippocampus",2.72058823529412,17,41,24,0.414634146341463
"journal of avian biology",2.72139303482587,8,10,2,0.8
"frontiers in ecology and evolution",2.73066666666667,34,61,27,0.557377049180328
"american journal of physiology. lung cellular and molecular physiology",2.73270440251572,24,32,8,0.75
"biomechanics and modeling in mechanobiology",2.73306772908367,4,16,12,0.25
"animal microbiome",2.73359073359073,15,22,7,0.681818181818182
"the journal of physical chemistry. b",2.73768167316554,41,68,27,0.602941176470588
"psychophysiology",2.74255691768827,24,52,28,0.461538461538462
"autism research",2.74497991967871,4,9,5,0.444444444444444
"american journal of physiology. renal physiology",2.75277777777778,11,14,3,0.785714285714286
"journal of cell science",2.7576112412178,235,331,96,0.709969788519637
"the journal of physiology",2.76324395029431,94,123,29,0.764227642276423
"biotechnology and bioengineering",2.7728,16,38,22,0.421052631578947
"frontiers in psychology",2.77513652425313,18,33,15,0.545454545454545
"frontiers in human neuroscience",2.78225806451613,24,50,26,0.48
"journal of general virology",2.79598662207358,7,13,6,0.538461538461538
"frontiers in neuroanatomy",2.7972972972973,3,14,11,0.214285714285714
"journal of leukocyte biology",2.80492813141684,17,24,7,0.708333333333333
"human genomics",2.80533333333333,4,8,4,0.5
"ecological applications",2.80653266331658,17,21,4,0.80952380952381
"eneuro",2.80654338549075,194,358,164,0.541899441340782
"elife",2.8083913379737,2500,5285,2785,0.473036896877956
"ecology",2.81012658227848,42,58,16,0.724137931034483
"cell calcium",2.81142857142857,7,9,2,0.777777777777778
"movement ecology",2.82,6,14,8,0.428571428571429
"frontiers in marine science",2.82722815113931,25,49,24,0.510204081632653
"journal of medical virology",2.84640522875817,20,35,15,0.571428571428571
"frontiers in behavioral neuroscience",2.84736842105263,22,42,20,0.523809523809524
"investigative ophthalmology & visual science",2.85201793721973,19,34,15,0.558823529411765
"the journal of pathology",2.85593220338983,14,18,4,0.777777777777778
"aging",2.86647727272727,29,47,18,0.617021276595745
"neurobiology of aging",2.86647727272727,15,27,12,0.555555555555556
"acta crystallographica section d structural biology",2.87272727272727,40,45,5,0.888888888888889
"applied sciences",2.88420114122682,13,19,6,0.68421052631579
"biology letters",2.9,24,47,23,0.51063829787234
"science (new york, n.y.)",2.91228070175439,207,233,26,0.888412017167382
"american journal of physiology-endocrinology and metabolism",2.91477272727273,8,8,0,1
"american journal of physiology. endocrinology and metabolism",2.91477272727273,13,18,5,0.722222222222222
"endocrinology",2.94392523364486,22,33,11,0.666666666666667
"journal of neurochemistry",2.96270718232044,18,32,14,0.5625
"microbiology spectrum",2.963197586727,259,374,115,0.692513368983957
"infection and immunity",2.98227848101266,58,75,17,0.773333333333333
"journal of cellular physiology",2.98882681564246,13,18,5,0.722222222222222
"physical chemistry chemical physics",2.99036511156187,31,31,0,1
"molecular ecology",2.99688473520249,188,288,100,0.652777777777778
"cellular and molecular gastroenterology and hepatology",3.00226244343891,17,23,6,0.739130434782609
"microbial genomics",3.01217038539554,78,146,68,0.534246575342466
"biology of the cell",3.01318681318681,5,8,3,0.625
"molecular biology of the cell",3.01318681318681,182,244,62,0.745901639344262
"biology methods & protocols",3.01442307692308,15,25,10,0.6
"journal of proteome research",3.02964254577158,68,105,37,0.647619047619048
"fems microbes",3.04285714285714,4,9,5,0.444444444444444
"plos neglected tropical diseases",3.044327176781,65,153,88,0.42483660130719
"plants, people, planet",3.05483028720627,7,13,6,0.538461538461538
"journal of antimicrobial chemotherapy",3.05484460694698,7,9,2,0.777777777777778
"methodsx",3.06611570247934,6,10,4,0.6
"cognitive neurodynamics",3.06631299734748,6,12,6,0.5
"frontiers in physiology",3.10272619517977,41,75,34,0.546666666666667
"analytical and bioanalytical chemistry",3.11069558713538,5,12,7,0.416666666666667
"neurons, behavior, data analysis, and theory",3.11111111111111,2,10,8,0.2
"tag. theoretical and applied genetics. theoretische und angewandte genetik",3.11240875912409,16,28,12,0.571428571428571
"acs chemical biology",3.11458333333333,37,84,47,0.44047619047619
"the journal of infectious diseases",3.12222968435191,26,30,4,0.866666666666667
"frontiers in molecular biosciences",3.14191419141914,51,103,52,0.495145631067961
"plant & cell physiology",3.14634146341463,11,13,2,0.846153846153846
"plant and cell physiology",3.14634146341463,19,31,12,0.612903225806452
"chaos: an interdisciplinary journal of nonlinear science",3.14911080711354,6,10,4,0.6
"bmc cancer",3.15294117647059,15,24,9,0.625
"acs chemical neuroscience",3.15310492505353,22,35,13,0.628571428571429
"experimental neurology",3.16046511627907,11,25,14,0.44
"royal society open science",3.17391304347826,83,132,49,0.628787878787879
"epigenetics",3.17791411042945,17,25,8,0.68
"evodevo",3.17948717948718,0,9,9,0
"neuropharmacology",3.18622448979592,14,32,18,0.4375
"biochemical journal",3.187265917603,37,68,31,0.544117647058823
"protein engineering, design & selection : peds",3.19512195121951,3,8,5,0.375
"nar genomics and bioinformatics",3.19770114942529,95,176,81,0.539772727272727
"virus research",3.20054200542005,9,19,10,0.473684210526316
"poultry science",3.20304271503803,7,9,2,0.777777777777778
"parasites & vectors",3.206046141607,17,25,8,0.68
"metabolites",3.22261072261072,27,40,13,0.675
"malaria journal",3.22413793103448,13,21,8,0.619047619047619
"biomicrofluidics",3.23776223776224,6,10,4,0.6
"methods in ecology and evolution",3.24290780141844,103,152,49,0.677631578947368
"toxins",3.25116640746501,5,9,4,0.555555555555556
"applied and environmental microbiology",3.27058823529412,166,223,57,0.744394618834081
"environmental microbiology",3.27058823529412,69,98,29,0.704081632653061
"microbiology",3.27058823529412,6,13,7,0.461538461538462
"open biology",3.27758007117438,49,95,46,0.515789473684211
"journal of extracellular biology",3.28205128205128,8,13,5,0.615384615384615
"antimicrobial agents and chemotherapy",3.28614762386249,87,114,27,0.763157894736842
"journal of bacteriology",3.28716904276986,114,153,39,0.745098039215686
"molecular plant pathology",3.29315068493151,9,13,4,0.692307692307692
"genome biology and evolution",3.29382303839733,131,241,110,0.54356846473029
"evolutionary applications",3.30026109660574,37,76,39,0.486842105263158
"bmc neuroscience",3.30487804878049,6,10,4,0.6
"neuroscience",3.30587522713507,13,24,11,0.541666666666667
"cerebral cortex",3.31175836030205,82,119,37,0.689075630252101
"vaccines",3.32156196943973,35,54,19,0.648148148148148
"acs pharmacology & translational science",3.33886583679115,20,30,10,0.666666666666667
"brain communications",3.34885931558935,51,65,14,0.784615384615385
"neuroimage",3.34958739684921,126,292,166,0.431506849315068
"chemical communications",3.35624741699959,11,11,0,1
"journal of clinical microbiology",3.35813148788927,18,19,1,0.947368421052632
"journal of the royal society, interface",3.36542239685658,64,128,64,0.5
"viruses",3.36805909322466,127,213,86,0.596244131455399
"biogeosciences",3.3695652173913,7,9,2,0.777777777777778
"bba advances",3.37142857142857,4,10,6,0.4
"microbial ecology",3.37352245862884,4,12,8,0.333333333333333
"frontiers in neuroscience",3.37751303052867,105,190,85,0.552631578947368
"environmental dna",3.37771739130435,22,35,13,0.628571428571429
"journal of molecular and cellular cardiology",3.38053097345133,7,20,13,0.35
"neurobiology of stress",3.38121546961326,12,34,22,0.352941176470588
"frontiers in forests and global change",3.38401559454191,5,8,3,0.625
"physical review research",3.38416732856765,7,11,4,0.636363636363636
"molecular & cellular proteomics : mcp",3.39082278481013,75,131,56,0.572519083969466
"proceedings. biological sciences",3.40106544901065,191,300,109,0.636666666666667
"frontiers in nutrition",3.40340394713018,9,13,4,0.692307692307692
"physiologia plantarum",3.414265129683,18,26,8,0.692307692307692
"journal of neural engineering",3.42857142857143,88,176,88,0.5
"the journal of chemical physics",3.43116081758581,16,38,22,0.421052631578947
"iucrj",3.43888888888889,16,19,3,0.842105263157895
"international journal of cancer",3.44187963726298,12,20,8,0.6
"skeletal muscle",3.46067415730337,5,11,6,0.454545454545455
"bmc microbiology",3.46344206974128,10,20,10,0.5
"journal of lipid research",3.47216494845361,22,30,8,0.733333333333333
"behavior research methods",3.4874213836478,8,21,13,0.380952380952381
"prx life",3.50239234449761,12,20,8,0.6
"advanced materials technologies",3.51068773234201,20,24,4,0.833333333333333
"antiviral research",3.51388888888889,10,28,18,0.357142857142857
"journal of cellular and molecular medicine",3.52510849349039,6,12,6,0.5
"rna biology",3.52763819095477,25,48,23,0.520833333333333
"glia",3.53846153846154,41,73,32,0.561643835616438
"bmc genomics",3.54308828702075,136,279,143,0.487455197132616
"genomics",3.54308828702075,6,8,2,0.75
"progress in neurobiology",3.55223880597015,6,14,8,0.428571428571429
"bioengineering & translational medicine",3.55719557195572,5,14,9,0.357142857142857
"molecular ecology resources",3.57183098591549,100,154,54,0.649350649350649
"epilepsia",3.575,14,17,3,0.823529411764706
"plos genetics",3.57590966122961,261,653,392,0.399693721286371
"current research in insect science",3.59615384615385,4,8,4,0.5
"molecular pharmaceutics",3.61635687732342,4,8,4,0.5
"life science alliance",3.63673469387755,182,274,92,0.664233576642336
"interface focus",3.65094339622642,4,10,6,0.4
"frontiers in computational neuroscience",3.65530303030303,20,45,25,0.444444444444444
"plos computational biology",3.66066557555919,546,1415,869,0.385865724381625
"acs infectious diseases",3.66368286445013,20,39,19,0.512820512820513
"frontiers in cell and developmental biology",3.66473509933775,107,223,116,0.479820627802691
"acs omega",3.66576134571579,60,87,27,0.689655172413793
"functional ecology",3.67549668874172,37,49,12,0.755102040816326
"microorganisms",3.67565821353578,57,74,17,0.77027027027027
"oncogenesis",3.68224299065421,6,11,5,0.545454545454545
"frontiers in aging neuroscience",3.68516129032258,28,51,23,0.549019607843137
"ecography",3.68548387096774,26,44,18,0.590909090909091
"environmental research letters",3.69661335841957,7,12,5,0.583333333333333
"journal of personalized medicine",3.69921671018277,8,13,5,0.615384615384615
"molecular therapy. nucleic acids",3.70093457943925,35,49,14,0.714285714285714
"cancer research communications",3.70385395537525,34,48,14,0.708333333333333
"frontiers in cellular and infection microbiology",3.705,34,80,46,0.425
"journal of virology",3.70564516129032,226,306,80,0.738562091503268
"virology",3.70564516129032,12,19,7,0.631578947368421
"virology journal",3.70564516129032,8,15,7,0.533333333333333
"frontiers in neuroinformatics",3.71328671328671,13,34,21,0.382352941176471
"neuroinformatics",3.71328671328671,7,21,14,0.333333333333333
"pain",3.71601941747573,34,44,10,0.772727272727273
"british journal of pharmacology",3.71648873072361,24,29,5,0.827586206896552
"the american journal of pathology",3.7182320441989,10,12,2,0.833333333333333
"journal of molecular biology",3.72025723472669,38,103,65,0.368932038834951
"psychological medicine",3.73081761006289,6,18,12,0.333333333333333
"the plant phenome journal",3.74226804123711,5,13,8,0.384615384615385
"msphere",3.74348422496571,139,191,52,0.727748691099476
"biomedicines",3.74526190120877,35,52,17,0.673076923076923
"journal of applied ecology",3.77366863905325,24,28,4,0.857142857142857
"american journal of physiology-cell physiology",3.78041074249605,9,11,2,0.818181818181818
"american journal of physiology. cell physiology",3.78041074249605,8,10,2,0.8
"frontiers in endocrinology",3.79533635296091,17,35,18,0.485714285714286
"conservation letters",3.8018018018018,8,10,2,0.8
"stem cell reports",3.81167108753316,83,109,26,0.761467889908257
"iscience",3.81257687576876,701,966,265,0.725672877846791
"european journal of nuclear medicine and molecular imaging",3.8145224940805,9,12,3,0.75
"the journal of physical chemistry letters",3.8177879714577,15,24,9,0.625
"isme communications",3.83529411764706,59,106,47,0.556603773584906
"npj microgravity",3.84362139917695,6,9,3,0.666666666666667
"frontiers in pharmacology",3.84441536814559,46,82,36,0.560975609756098
"remote sensing",3.85621050450637,6,9,3,0.666666666666667
"acs synthetic biology",3.86853002070393,67,129,62,0.51937984496124
"human brain mapping",3.8804347826087,120,241,121,0.49792531120332
"bmc biotechnology",3.88273615635179,2,8,6,0.25
"circulation research",3.88430268918074,28,32,4,0.875
"biological imaging",3.93333333333333,9,17,8,0.529411764705882
"cancers",3.93385001637376,86,143,57,0.601398601398601
"arthritis research & therapy",3.94107142857143,6,9,3,0.666666666666667
"frontiers in molecular neuroscience",3.94766355140187,23,47,24,0.48936170212766
"virulence",3.95289855072464,8,13,5,0.615384615384615
"scientific reports",3.95897345986105,1007,2086,1079,0.48274209012464
"development",3.97413793103448,61,87,26,0.701149425287356
"genes",3.97413793103448,61,99,38,0.616161616161616
"genes & development",3.97413793103448,41,68,27,0.602941176470588
"evolution letters",3.98571428571429,38,71,33,0.535211267605634
"neurobiology of disease",3.99344262295082,17,49,32,0.346938775510204
"npj systems biology and applications",3.99442896935933,46,81,35,0.567901234567901
"bmc plant biology",4.00339514233481,17,33,16,0.515151515151515
"plant biology",4.00339514233481,6,10,4,0.6
"molecular neurobiology",4.02623294858342,12,27,15,0.444444444444444
"biology of sex differences",4.03333333333333,13,22,9,0.590909090909091
"virus evolution",4.04115226337449,48,94,46,0.51063829787234
"frontiers in cellular neuroscience",4.07323568575233,33,75,42,0.44
"acta neuropathologica communications",4.09219858156028,33,65,32,0.507692307692308
"molecular therapy. methods & clinical development",4.10091743119266,27,49,22,0.551020408163265
"journal of chemical information and modeling",4.11491108071135,53,89,36,0.595505617977528
"journal of ecology",4.11986301369863,32,49,17,0.653061224489796
"geroscience",4.16535433070866,24,67,43,0.358208955223881
"bmc bioinformatics",4.16770963704631,195,374,179,0.521390374331551
"cell stress & chaperones",4.17901234567901,4,8,4,0.5
"frontiers in plant science",4.18849261632767,122,220,98,0.554545454545455
"communications psychology",4.19181585677749,4,13,9,0.307692307692308
"cell reports methods",4.19363395225464,114,146,32,0.780821917808219
"global ecology and biogeography",4.20689655172414,33,41,8,0.804878048780488
"frontiers in microbiology",4.21565711195241,165,295,130,0.559322033898305
"blood advances",4.22279202279202,25,35,10,0.714285714285714
"developmental cognitive neuroscience",4.22598870056497,23,56,33,0.410714285714286
"genomics, proteomics & bioinformatics",4.23754789272031,127,172,45,0.738372093023256
"mucosal immunology",4.24045801526718,13,24,11,0.541666666666667
"nanoscale",4.25296689569019,31,35,4,0.885714285714286
"epigenetics & chromatin",4.25714285714286,21,33,12,0.636363636363636
"the plant journal",4.28036175710594,98,141,43,0.695035460992908
"fems microbiology ecology",4.29003021148036,35,44,9,0.795454545454545
"plos pathogens",4.29898142600359,237,587,350,0.403747870528109
"journal of the american heart association",4.30150581793292,16,22,6,0.727272727272727
"cardiovascular research",4.32490974729242,17,26,9,0.653846153846154
"biomaterials science",4.33573357335734,12,19,7,0.631578947368421
"nar cancer",4.3448275862069,26,40,14,0.65
"apl bioengineering",4.35555555555556,4,14,10,0.285714285714286
"journal of chemical theory and computation",4.37101185050137,37,70,33,0.528571428571429
"frontiers in immunology",4.38290517182946,235,442,207,0.531674208144796
"embo reports",4.41759776536313,147,217,70,0.67741935483871
"psychological science",4.41954022988506,11,15,4,0.733333333333333
"cellular and molecular neurobiology",4.44921875,3,8,5,0.375
"science signaling",4.46302250803859,42,42,0,1
"communications medicine",4.46591970121382,9,11,2,0.818181818181818
"acs applied bio materials",4.47383073496659,6,8,2,0.75
"cell proliferation",4.49673202614379,5,10,5,0.5
"ecological monographs",4.5,10,14,4,0.714285714285714
"clinical epigenetics",4.52928870292887,23,30,7,0.766666666666667
"lab on a chip",4.53290008123477,45,71,26,0.633802816901408
"journal of neuroengineering and rehabilitation",4.55434782608696,4,12,8,0.333333333333333
"scientific data",4.56168290943665,51,121,70,0.421487603305785
"brain, behavior, and immunity",4.57093425605536,19,33,14,0.575757575757576
"npj genomic medicine",4.57225433526012,7,15,8,0.466666666666667
"frontiers in bioengineering and biotechnology",4.5812274368231,39,69,30,0.565217391304348
"respiratory research",4.60322255790534,8,12,4,0.666666666666667
"biodata mining",4.6043956043956,4,9,5,0.444444444444444
"molecular autism",4.60902255639098,9,15,6,0.6
"communications chemistry",4.6271186440678,18,23,5,0.782608695652174
"computational and structural biotechnology journal",4.62773722627737,97,181,84,0.535911602209945
"small methods",4.63397371081901,12,18,6,0.666666666666667
"msystems",4.6401384083045,247,319,72,0.774294670846395
"frontiers in neurorobotics",4.67634854771784,8,8,0,1
"mbio",4.67800453514739,472,613,141,0.769983686786297
"biomolecules",4.68717413972888,59,95,36,0.621052631578947
"current research in structural biology",4.69230769230769,4,11,7,0.363636363636364
"materials today. bio",4.69659145463274,4,12,8,0.333333333333333
"biomacromolecules",4.70429762668377,4,10,6,0.4
"nutrients",4.71289590314561,16,23,7,0.695652173913043
"journal of experimental botany",4.72045639771801,132,174,42,0.758620689655172
"hepatology communications",4.73262032085561,7,11,4,0.636363636363636
"metabolic engineering communications",4.73809523809524,8,14,6,0.571428571428571
"environmental microbiome",4.75151515151515,13,22,9,0.590909090909091
"bmc biology",4.77249357326478,163,235,72,0.693617021276596
"jci insight",4.81922760887428,127,160,33,0.79375
"aging cell",4.82015167930661,62,113,51,0.548672566371681
"npj regenerative medicine",4.84297520661157,12,23,11,0.521739130434783
"acs biomaterials science & engineering",4.85241935483871,8,15,7,0.533333333333333
"npj breast cancer",4.8641975308642,10,12,2,0.833333333333333
"npj science of learning",4.88,8,13,5,0.615384615384615
"systematic biology",4.88205128205128,67,108,41,0.62037037037037
"cells",4.89803837033844,151,233,82,0.648068669527897
"plant methods",4.91645569620253,16,35,19,0.457142857142857
"cell & bioscience",4.94354838709677,8,14,6,0.571428571428571
"nanoscale advances",4.98548721492744,3,10,7,0.3
"hepatology",5.00676982591876,9,11,2,0.818181818181818
"current biology : cb",5.03800592300099,205,311,106,0.659163987138264
"communications biology",5.04488718194911,524,842,318,0.622327790973872
"plant, cell & environment",5.06506364922206,8,18,10,0.444444444444444
"frontiers in chemistry",5.07750631844987,9,15,6,0.6
"ecology letters",5.09256198347107,70,112,42,0.625
"international journal of molecular sciences",5.10439210693826,278,417,139,0.666666666666667
"cell systems",5.17625899280576,58,80,22,0.725
"plant physiology",5.19078947368421,156,206,50,0.757281553398058
"clinical and translational medicine",5.21283422459893,11,12,1,0.916666666666667
"journal of cachexia, sarcopenia and muscle",5.26128590971272,13,17,4,0.764705882352941
"pharmaceutics",5.26612305411416,8,16,8,0.5
"molecular metabolism",5.27956989247312,61,92,31,0.66304347826087
"emerging infectious diseases",5.33911368015414,17,17,0,1
"pnas nexus",5.35943396226415,86,147,61,0.585034013605442
"bioinformatics",5.39612015018773,76,133,57,0.571428571428571
"horticulture research",5.39784946236559,24,44,20,0.545454545454545
"stem cell research & therapy",5.42406456346295,8,19,11,0.421052631578947
"briefings in bioinformatics",5.43682310469314,182,306,124,0.594771241830065
"npj vaccines",5.49122807017544,21,39,18,0.538461538461538
"rsc advances",5.49667221297837,7,15,8,0.466666666666667
"translational psychiatry",5.49799196787149,62,116,54,0.53448275862069
"british journal of cancer",5.51334951456311,10,15,5,0.666666666666667
"fluids and barriers of the cns",5.51369863013699,11,19,8,0.578947368421053
"analytical chemistry",5.55611543747137,62,97,35,0.639175257731959
"oncogene",5.5675,33,60,27,0.55
"leukemia",5.5685019206146,9,16,7,0.5625
"biology",5.58813559322034,25,35,10,0.714285714285714
"the journal of cell biology",5.58813559322034,223,329,106,0.677811550151976
"biotechnology journal",5.61839530332681,7,11,4,0.636363636363636
"plant biotechnology journal",5.61839530332681,18,32,14,0.5625
"microbial cell factories",5.64780763790665,7,18,11,0.388888888888889
"microbial biotechnology",5.65930018416206,13,29,16,0.448275862068966
"plos biology",5.71898734177215,161,307,146,0.52442996742671
"biofilm",5.72432432432432,7,11,4,0.636363636363636
"nature cardiovascular research",5.75063613231552,24,24,0,1
"american journal of human genetics",5.76039603960396,83,120,37,0.691666666666667
"applied microbiology and biotechnology",5.76282051282051,5,15,10,0.333333333333333
"embo molecular medicine",5.78461538461538,44,63,19,0.698412698412698
"molecular systems biology",5.81725888324873,71,120,49,0.591666666666667
"new phytologist",5.81809657759025,131,176,45,0.744318181818182
"journal of medicinal chemistry",5.81981424148607,26,42,16,0.619047619047619
"jacs au",5.90441767068273,13,28,15,0.464285714285714
"bmc medicine",6.02714646464646,6,9,3,0.666666666666667
"biofabrication",6.04738154613466,8,24,16,0.333333333333333
"emerging microbes & infections",6.05365853658537,23,44,21,0.522727272727273
"cancer discovery",6.08493427704752,37,50,13,0.74
"computers in biology and medicine",6.11962160512664,9,21,12,0.428571428571429
"autophagy",6.14842300556586,22,28,6,0.785714285714286
"mabs",6.18897637795276,10,24,14,0.416666666666667
"advanced healthcare materials",6.2953181272509,50,67,17,0.746268656716418
"diabetologia",6.35139318885449,9,11,2,0.818181818181818
"metabolic engineering",6.35185185185185,5,12,7,0.416666666666667
"journal of translational medicine",6.38974520289399,9,17,8,0.529411764705882
"molecular biology and evolution",6.40088105726872,238,424,186,0.561320754716981
"the embo journal",6.51020408163265,174,243,69,0.716049382716049
"chemical science",6.53468663776114,30,65,35,0.461538461538462
"journal of cheminformatics",6.55208333333333,4,18,14,0.222222222222222
"angiogenesis",6.55882352941176,3,8,5,0.375
"optica",6.60229445506692,13,21,8,0.619047619047619
"gigascience",6.6594427244582,92,146,54,0.63013698630137
"cell chemical biology",6.66666666666667,43,60,17,0.716666666666667
"heliyon",6.66766568376275,56,102,46,0.549019607843137
"acs applied materials & interfaces",6.6680928208847,14,24,10,0.583333333333333
"cell reports",6.66924679964275,618,802,184,0.770573566084788
"photoacoustics",6.73127753303965,7,10,3,0.7
"cell genomics",6.78532608695652,95,122,27,0.778688524590164
"archives of toxicology",6.92173913043478,3,9,6,0.333333333333333
"international journal of biological macromolecules",6.92446232696269,5,7,2,0.714285714285714
"acs central science",6.92821368948247,44,66,22,0.666666666666667
"plant communications",6.94755877034358,19,23,4,0.826086956521739
"acta biomaterialia",6.99870214146658,14,33,19,0.424242424242424
"proceedings of the national academy of sciences",6.99978768577495,8,10,2,0.8
"genome research",7.05399568034557,277,404,127,0.685643564356436
"npj precision oncology",7.09772727272727,18,30,12,0.6
"journal for immunotherapy of cancer",7.14025777103867,31,47,16,0.659574468085106
"molecular psychiatry",7.19076133447391,66,124,58,0.532258064516129
"nano letters",7.22040653646871,29,43,14,0.674418604651163
"small",7.3062558356676,28,33,5,0.848484848484849
"npj biofilms and microbiomes",7.4745417515275,27,41,14,0.658536585365854
"cell death & disease",7.65985467756585,50,101,51,0.495049504950495
"ebiomedicine",7.72640761300555,52,67,15,0.776119402985075
"alzheimer's research & therapy",7.75077399380805,11,19,8,0.578947368421053
"national science review",7.79090183559457,5,9,4,0.555555555555556
"genome biology",7.91648106904232,352,482,130,0.730290456431535
"the isme journal",7.96636085626911,92,174,82,0.528735632183908
"nature plants",7.9683257918552,27,37,10,0.72972972972973
"global change biology",7.97494473102432,42,67,25,0.626865671641791
"cell death and differentiation",8.0323275862069,19,39,20,0.487179487179487
"nature computational science",8.22513089005236,24,33,9,0.727272727272727
"the journal of experimental medicine",8.25,75,99,24,0.757575757575758
"developmental cell",8.28067226890756,100,114,14,0.87719298245614
"cancer letters",8.29899135446686,4,11,7,0.363636363636364
"nature chemical biology",8.33928571428571,61,74,13,0.824324324324324
"acs sensors",8.4271523178808,11,22,11,0.5
"gut",8.47863247863248,18,21,3,0.857142857142857
"journal of neuroinflammation",8.49615384615385,18,36,18,0.5
"environmental science & technology",8.498556998557,14,23,9,0.608695652173913
"cell death discovery",8.68298555377207,18,42,24,0.428571428571429
"medical image analysis",8.72154963680387,5,12,7,0.416666666666667
"biosensors & bioelectronics",8.80400890868597,9,16,7,0.5625
"pharmacological research",8.81045751633987,3,8,5,0.375
"nature structural & molecular biology",8.86547811993517,134,178,44,0.752808988764045
"the plant cell",9.00139664804469,114,146,32,0.780821917808219
"nature ecology & evolution",9.07329842931937,44,58,14,0.758620689655172
"biomaterials",9.25637583892617,12,35,23,0.342857142857143
"theranostics",9.32059079061685,16,26,10,0.615384615384615
"acta neuropathologica",9.39473684210526,18,33,15,0.545454545454545
"bioactive materials",9.40987868284229,12,22,10,0.545454545454545
"polymers",9.56581139620127,4,8,4,0.5
"cell reports. medicine",9.78963110667996,76,84,8,0.904761904761905
"genome medicine",10.0057636887608,68,91,23,0.747252747252747
"nature physics",10.0847826086957,18,21,3,0.857142857142857
"science advances",10.3004208481709,797,1039,242,0.767083734359961
"npj digital medicine",10.5490578297596,4,9,5,0.444444444444444
"cell discovery",10.5793650793651,17,32,15,0.53125
"redox biology",10.6298997265269,26,55,29,0.472727272727273
"nature immunology",10.8085381630013,37,42,5,0.880952380952381
"journal of nanobiotechnology",10.8231495280676,5,12,7,0.416666666666667
"nature biotechnology",10.9073891625616,107,113,6,0.946902654867257
"nature biomedical engineering",11.0495689655172,21,21,0,1
"nature human behaviour",11.0987654320988,26,30,4,0.866666666666667
"acs catalysis",11.3034961567072,7,11,4,0.636363636363636
"molecular cell",11.3225806451613,140,187,47,0.748663101604278
"kidney international",11.3565965583174,8,11,3,0.727272727272727
"journal of biomedical science",11.3606557377049,7,8,1,0.875
"experimental & molecular medicine",11.4403669724771,9,9,0,1
"microbiome",11.460244648318,72,126,54,0.571428571428571
"neuron",11.5379825653798,133,190,57,0.7
"angewandte chemie international edition",12.3243082668477,9,19,10,0.473684210526316
"gut microbes",12.4187358916479,30,49,19,0.612244897959184
"advanced functional materials",12.4675022515761,24,37,13,0.648648648648649
"cell host & microbe",12.4948453608247,62,71,9,0.873239436619718
"science immunology",12.5774647887324,63,74,11,0.851351351351351
"nature aging",12.6588021778584,29,35,6,0.828571428571429
"nucleic acids research",12.6747837231657,480,1011,531,0.474777448071217
"science translational medicine",12.6925246826516,62,68,6,0.911764705882353
"acs nano",13.0465806260199,39,64,25,0.609375
"journal of the american chemical society",13.3854582693292,77,125,48,0.616
"nature cell biology",13.64332247557,67,75,8,0.893333333333333
"nature microbiology",13.8104838709677,71,75,4,0.946666666666667
"light, science & applications",13.9220489977728,8,13,5,0.615384615384615
"nature metabolism",14.0930656934307,32,37,5,0.864864864864865
"molecular neurodegeneration",14.2369477911647,22,36,14,0.611111111111111
"nature communications",14.3005308135376,2818,4098,1280,0.687652513421181
"cellular & molecular immunology",14.356890459364,7,9,2,0.777777777777778
"genetics",14.5955801104972,169,333,164,0.507507507507508
"nature genetics",14.5955801104972,133,150,17,0.886666666666667
"cell stem cell",14.9658792650919,30,39,9,0.769230769230769
"nature neuroscience",15.2248939179632,129,153,24,0.843137254901961
"nature",15.4914199698946,338,396,58,0.853535353535353
"nature chemistry",15.6695156695157,18,23,5,0.782608695652174
"nature protocols",16.3464373464373,8,12,4,0.666666666666667
"science",16.7229759299781,104,117,13,0.888888888888889
"journal of extracellular vesicles",17.1813725490196,23,42,19,0.547619047619048
"nature methods",17.7326732673267,218,247,29,0.882591093117409
"imeta",17.7674418604651,5,8,3,0.625
"nature machine intelligence",17.8578088578089,19,27,8,0.703703703703704
"advanced materials",18.1131947582467,15,20,5,0.75
"immunity",18.9859154929577,26,28,2,0.928571428571429
"nature materials",19.1315789473684,10,12,2,0.833333333333333
"nature cancer",19.2075471698113,26,27,1,0.962962962962963
"molecular cancer",21.7555555555556,4,9,5,0.444444444444444
"nature nanotechnology",22.6236933797909,18,18,0,1
"cell metabolism",23.2071129707113,23,32,9,0.71875
"nature medicine",24.8065868263473,13,15,2,0.866666666666667
"cancer cell",25.885775862069,23,26,3,0.884615384615385
"cell",33.1353135313531,183,245,62,0.746938775510204
"signal transduction and targeted therapy",40.9028697571744,6,12,6,0.5
