"preprint","time_days","journal","pub_year","doi"
0,171,"applied and environmental microbiology",2023,"10.1128/aem.00609-23"
0,258,"applied and environmental microbiology",2022,"10.1128/aem.00244-22"
0,363,"cells",2021,"10.3390/cells10061325"
0,1132,"communications biology",2022,"10.1038/s42003-022-03614-3"
1,65,"communications biology",2021,"10.1038/s42003-021-02668-z"
0,231,"communications biology",2021,"10.1038/s42003-020-01565-1"
0,97,"ecology and evolution",2024,"10.1002/ece3.11399"
0,340,"ecology and evolution",2023,"10.1002/ece3.10393"
0,1229,"embo reports",2022,"10.15252/embr.202153509"
0,707,"frontiers in cell and developmental biology",2023,"10.3389/fcell.2022.1026477"
0,294,"frontiers in cell and developmental biology",2022,"10.3389/fcell.2022.999547"
0,732,"frontiers in cell and developmental biology",2022,"10.3389/fcell.2021.813996"
0,1055,"frontiers in cell and developmental biology",2021,"10.3389/fcell.2021.688949"
0,812,"frontiers in cell and developmental biology",2021,"10.3389/fcell.2021.765654"
0,784,"frontiers in cell and developmental biology",2021,"10.3389/fcell.2021.686453"
0,1080,"frontiers in cell and developmental biology",2021,"10.3389/fcell.2021.652322"
0,1085,"frontiers in cell and developmental biology",2021,"10.3389/fcell.2021.628573"
0,1568,"frontiers in cell and developmental biology",2021,"10.3389/fcell.2021.671704"
0,1574,"frontiers in cell and developmental biology",2021,"10.3389/fcell.2021.661461"
0,1466,"frontiers in cell and developmental biology",2021,"10.3389/fcell.2021.657888"
0,1113,"frontiers in cell and developmental biology",2021,"10.3389/fcell.2021.607001"
0,1708,"frontiers in cell and developmental biology",2021,"10.3389/fcell.2021.652939"
0,869,"frontiers in cell and developmental biology",2021,"10.3389/fcell.2021.640391"
0,565,"frontiers in cell and developmental biology",2021,"10.3389/fcell.2021.660571"
0,490,"frontiers in cell and developmental biology",2021,"10.3389/fcell.2021.636553"
0,1256,"frontiers in cell and developmental biology",2021,"10.3389/fcell.2021.568738"
0,1822,"frontiers in cell and developmental biology",2021,"10.3389/fcell.2020.621509"
0,89,"frontiers in cell and developmental biology",2021,"10.3389/fcell.2020.610097"
0,580,"frontiers in cell and developmental biology",2021,"10.3389/fcell.2020.629397"
0,559,"frontiers in cell and developmental biology",2021,"10.3389/fcell.2020.634137"
0,308,"frontiers in genetics",2023,"10.3389/fgene.2023.1143644"
0,392,"frontiers in genetics",2023,"10.3389/fgene.2022.1095338"
0,1203,"frontiers in genetics",2022,"10.3389/fgene.2022.878123"
0,362,"frontiers in genetics",2022,"10.3389/fgene.2022.861101"
0,587,"frontiers in genetics",2022,"10.3389/fgene.2022.943025"
0,1480,"frontiers in genetics",2022,"10.3389/fgene.2022.883930"
0,949,"frontiers in genetics",2022,"10.3389/fgene.2021.817672"
0,822,"frontiers in genetics",2021,"10.3389/fgene.2021.760760"
0,622,"frontiers in genetics",2021,"10.3389/fgene.2021.703883"
0,1141,"frontiers in genetics",2021,"10.3389/fgene.2021.724197"
0,1182,"frontiers in genetics",2021,"10.3389/fgene.2021.675100"
0,277,"frontiers in genetics",2021,"10.3389/fgene.2021.616220"
0,1561,"frontiers in genetics",2021,"10.3389/fgene.2021.633756"
0,678,"frontiers in molecular biosciences",2023,"10.3389/fmolb.2023.1189527"
0,911,"frontiers in molecular biosciences",2023,"10.3389/fmolb.2023.1184767"
0,828,"frontiers in molecular biosciences",2023,"10.3389/fmolb.2023.1136071"
0,1026,"frontiers in molecular biosciences",2022,"10.3389/fmolb.2022.983410"
0,800,"frontiers in molecular biosciences",2022,"10.3389/fmolb.2022.860525"
0,1566,"frontiers in molecular biosciences",2021,"10.3389/fmolb.2021.685466"
0,686,"frontiers in molecular biosciences",2021,"10.3389/fmolb.2021.697773"
0,1680,"frontiers in molecular biosciences",2021,"10.3389/fmolb.2021.620683"
0,1296,"frontiers in molecular biosciences",2021,"10.3389/fmolb.2020.603701"
0,520,"frontiers in pharmacology",2024,"10.3389/fphar.2024.1378577"
0,701,"frontiers in pharmacology",2024,"10.3389/fphar.2024.1345645"
0,722,"frontiers in pharmacology",2024,"10.3389/fphar.2024.1343936"
0,628,"frontiers in pharmacology",2023,"10.3389/fphar.2023.1076815"
0,414,"frontiers in pharmacology",2022,"10.3389/fphar.2022.874696"
0,555,"frontiers in pharmacology",2022,"10.3389/fphar.2022.851663"
0,1042,"frontiers in pharmacology",2021,"10.3389/fphar.2021.799444"
0,1755,"frontiers in pharmacology",2021,"10.3389/fphar.2021.628988"
0,254,"frontiers in pharmacology",2021,"10.3389/fphar.2021.615445"
0,861,"frontiers in pharmacology",2021,"10.3389/fphar.2021.533028"
0,951,"frontiers in pharmacology",2021,"10.3389/fphar.2020.594847"
0,448,"frontiers in physiology",2022,"10.3389/fphys.2022.835269"
0,280,"frontiers in physiology",2021,"10.3389/fphys.2021.750177"
0,351,"frontiers in physiology",2021,"10.3389/fphys.2021.724470"
0,366,"frontiers in physiology",2021,"10.3389/fphys.2021.717187"
0,392,"frontiers in physiology",2021,"10.3389/fphys.2021.707634"
0,400,"frontiers in physiology",2021,"10.3389/fphys.2021.700585"
0,510,"frontiers in physiology",2021,"10.3389/fphys.2021.646903"
0,511,"frontiers in physiology",2021,"10.3389/fphys.2021.640302"
0,320,"frontiers in physiology",2021,"10.3389/fphys.2020.00718"
0,547,"frontiers in physiology",2021,"10.3389/fphys.2020.597429"
0,568,"frontiers in physiology",2021,"10.3389/fphys.2020.595760"
0,371,"international journal of molecular sciences",2023,"10.3390/ijms25010308"
0,1110,"international journal of molecular sciences",2023,"10.3390/ijms241411510"
0,1041,"international journal of molecular sciences",2023,"10.3390/ijms241310545"
0,318,"international journal of molecular sciences",2022,"10.3390/ijms232415598"
0,1288,"international journal of molecular sciences",2022,"10.3390/ijms232113088"
0,600,"international journal of molecular sciences",2022,"10.3390/ijms23147775"
0,1345,"international journal of molecular sciences",2022,"10.3390/ijms23116139"
0,1561,"international journal of molecular sciences",2022,"10.3390/ijms23042269"
0,1259,"international journal of molecular sciences",2021,"10.3390/ijms22136839"
0,196,"international journal of molecular sciences",2021,"10.3390/ijms22094305"
0,170,"iscience",2023,"10.1016/j.isci.2023.108585"
0,87,"iscience",2023,"10.1016/j.isci.2023.106216"
0,1256,"iscience",2021,"10.1016/j.isci.2021.103535"
0,46,"journal of neurophysiology",2023,"10.1152/jn.00163.2023"
0,1267,"microbial genomics",2021,"10.1099/mgen.0.000597"
0,853,"molecular cell",2022,"10.1016/j.molcel.2022.01.022"
1,990,"molecular ecology",2021,"10.1111/mec.16024"
0,670,"nar genomics and bioinformatics",2021,"10.1093/nargab/lqab042"
0,77,"nature communications",2024,"10.1038/s41467-024-50838-4"
0,84,"nature communications",2024,"10.1038/s41467-024-46890-9"
0,273,"nature communications",2023,"10.1038/s41467-023-37096-6"
0,1291,"nature communications",2022,"10.1038/s41467-022-34704-9"
0,859,"nature communications",2022,"10.1038/s41467-022-33734-7"
0,373,"nature communications",2022,"10.1038/s41467-022-28533-z"
0,1362,"nature communications",2021,"10.1038/s41467-021-25387-9"
1,333,"nature communications",2021,"10.1038/s41467-021-24795-1"
0,350,"nature communications",2021,"10.1038/s41467-021-24195-5"
0,760,"nature communications",2021,"10.1038/s41467-021-23242-5"
0,1583,"nature communications",2021,"10.1038/s41467-020-20733-9"
1,494,"nature communications",2021,"10.1038/s41467-020-20506-4"
0,57,"nature methods",2021,"10.1038/s41592-021-01078-7"
0,94,"plos one",2024,"10.1371/journal.pone.0315105"
0,224,"plos one",2024,"10.1371/journal.pone.0311961"
0,140,"plos one",2024,"10.1371/journal.pone.0309101"
0,351,"plos one",2024,"10.1371/journal.pone.0315086"
0,142,"plos one",2024,"10.1371/journal.pone.0311401"
0,155,"plos one",2024,"10.1371/journal.pone.0302120"
0,378,"plos one",2024,"10.1371/journal.pone.0314565"
0,205,"plos one",2024,"10.1371/journal.pone.0308004"
0,325,"plos one",2024,"10.1371/journal.pone.0309264"
0,162,"plos one",2024,"10.1371/journal.pone.0308021"
0,241,"plos one",2024,"10.1371/journal.pone.0313607"
0,208,"plos one",2024,"10.1371/journal.pone.0309795"
0,245,"plos one",2024,"10.1371/journal.pone.0313446"
0,410,"plos one",2024,"10.1371/journal.pone.0311984"
0,380,"plos one",2024,"10.1371/journal.pone.0308170"
0,491,"plos one",2024,"10.1371/journal.pone.0309291"
0,424,"plos one",2024,"10.1371/journal.pone.0311097"
0,447,"plos one",2024,"10.1371/journal.pone.0310405"
0,227,"plos one",2024,"10.1371/journal.pone.0310882"
0,486,"plos one",2024,"10.1371/journal.pone.0308947"
0,92,"plos one",2024,"10.1371/journal.pone.0310131"
0,238,"plos one",2024,"10.1371/journal.pone.0307014"
0,490,"plos one",2024,"10.1371/journal.pone.0309807"
0,272,"plos one",2024,"10.1371/journal.pone.0309821"
0,90,"plos one",2024,"10.1371/journal.pone.0304485"
0,428,"plos one",2024,"10.1371/journal.pone.0305631"
0,106,"plos one",2024,"10.1371/journal.pone.0309242"
0,536,"plos one",2024,"10.1371/journal.pone.0304589"
0,392,"plos one",2024,"10.1371/journal.pone.0301829"
0,469,"plos one",2024,"10.1371/journal.pone.0302825"
0,314,"plos one",2024,"10.1371/journal.pone.0307545"
0,144,"plos one",2024,"10.1371/journal.pone.0307292"
0,308,"plos one",2024,"10.1371/journal.pone.0304343"
0,533,"plos one",2024,"10.1371/journal.pone.0304354"
0,230,"plos one",2024,"10.1371/journal.pone.0299666"
0,390,"plos one",2024,"10.1371/journal.pone.0303890"
0,505,"plos one",2024,"10.1371/journal.pone.0304088"
0,341,"plos one",2024,"10.1371/journal.pone.0300209"
0,196,"plos one",2024,"10.1371/journal.pone.0304729"
0,165,"plos one",2024,"10.1371/journal.pone.0304344"
0,517,"plos one",2024,"10.1371/journal.pone.0300283"
0,475,"plos one",2024,"10.1371/journal.pone.0301122"
0,417,"plos one",2024,"10.1371/journal.pone.0302534"
0,366,"plos one",2024,"10.1371/journal.pone.0301838"
0,139,"plos one",2024,"10.1371/journal.pone.0302419"
0,532,"plos one",2024,"10.1371/journal.pone.0300734"
0,505,"plos one",2024,"10.1371/journal.pone.0299857"
0,280,"plos one",2024,"10.1371/journal.pone.0298534"
0,384,"plos one",2024,"10.1371/journal.pone.0302034"
0,384,"plos one",2024,"10.1371/journal.pone.0292260"
0,539,"plos one",2024,"10.1371/journal.pone.0299688"
0,610,"plos one",2024,"10.1371/journal.pone.0299442"
0,506,"plos one",2024,"10.1371/journal.pone.0295853"
0,541,"plos one",2024,"10.1371/journal.pone.0301698"
0,561,"plos one",2024,"10.1371/journal.pone.0299119"
0,552,"plos one",2024,"10.1371/journal.pone.0297529"
0,553,"plos one",2024,"10.1371/journal.pone.0299727"
0,525,"plos one",2024,"10.1371/journal.pone.0299707"
0,413,"plos one",2024,"10.1371/journal.pone.0300652"
0,528,"plos one",2024,"10.1371/journal.pone.0300921"
0,235,"plos one",2024,"10.1371/journal.pone.0297350"
0,533,"plos one",2024,"10.1371/journal.pone.0300533"
0,120,"plos one",2024,"10.1371/journal.pone.0299881"
0,391,"plos one",2024,"10.1371/journal.pone.0294289"
0,145,"plos one",2024,"10.1371/journal.pone.0299654"
0,546,"plos one",2024,"10.1371/journal.pone.0294269"
0,546,"plos one",2024,"10.1371/journal.pone.0295695"
0,45,"plos one",2024,"10.1371/journal.pone.0298220"
0,190,"plos one",2024,"10.1371/journal.pone.0298861"
0,721,"plos one",2024,"10.1371/journal.pone.0297868"
0,568,"plos one",2024,"10.1371/journal.pone.0295448"
0,134,"plos one",2024,"10.1371/journal.pone.0296121"
0,272,"plos one",2024,"10.1371/journal.pone.0296632"
0,272,"plos one",2024,"10.1371/journal.pone.0298797"
0,473,"plos one",2024,"10.1371/journal.pone.0297559"
0,454,"plos one",2024,"10.1371/journal.pone.0296997"
0,582,"plos one",2024,"10.1371/journal.pone.0291309"
0,278,"plos one",2024,"10.1371/journal.pone.0298428"
0,564,"plos one",2024,"10.1371/journal.pone.0296516"
0,504,"plos one",2024,"10.1371/journal.pone.0287569"
0,669,"plos one",2024,"10.1371/journal.pone.0297046"
0,578,"plos one",2024,"10.1371/journal.pone.0296712"
0,640,"plos one",2024,"10.1371/journal.pone.0293563"
0,474,"plos one",2024,"10.1371/journal.pone.0297264"
0,596,"plos one",2024,"10.1371/journal.pone.0295633"
0,483,"plos one",2024,"10.1371/journal.pone.0291656"
0,518,"plos one",2024,"10.1371/journal.pone.0295784"
0,629,"plos one",2024,"10.1371/journal.pone.0295951"
0,495,"plos one",2023,"10.1371/journal.pone.0295628"
0,326,"plos one",2023,"10.1371/journal.pone.0296099"
0,298,"plos one",2023,"10.1371/journal.pone.0293371"
0,721,"plos one",2023,"10.1371/journal.pone.0295563"
0,636,"plos one",2023,"10.1371/journal.pone.0290121"
0,340,"plos one",2023,"10.1371/journal.pone.0295447"
0,636,"plos one",2023,"10.1371/journal.pone.0293890"
0,426,"plos one",2023,"10.1371/journal.pone.0295262"
0,319,"plos one",2023,"10.1371/journal.pone.0292680"
0,349,"plos one",2023,"10.1371/journal.pone.0294967"
0,701,"plos one",2023,"10.1371/journal.pone.0293306"
0,439,"plos one",2023,"10.1371/journal.pone.0294582"
0,362,"plos one",2023,"10.1371/journal.pone.0292403"
0,769,"plos one",2023,"10.1371/journal.pone.0293980"
0,377,"plos one",2023,"10.1371/journal.pone.0288683"
0,504,"plos one",2023,"10.1371/journal.pone.0290624"
0,579,"plos one",2023,"10.1371/journal.pone.0288072"
0,669,"plos one",2023,"10.1371/journal.pone.0287819"
0,656,"plos one",2023,"10.1371/journal.pone.0293447"
0,774,"plos one",2023,"10.1371/journal.pone.0292284"
0,698,"plos one",2023,"10.1371/journal.pone.0292859"
0,705,"plos one",2023,"10.1371/journal.pone.0291930"
0,544,"plos one",2023,"10.1371/journal.pone.0292587"
0,742,"plos one",2023,"10.1371/journal.pone.0286573"
0,382,"plos one",2023,"10.1371/journal.pone.0291759"
0,859,"plos one",2023,"10.1371/journal.pone.0290582"
0,606,"plos one",2023,"10.1371/journal.pone.0287416"
0,420,"plos one",2023,"10.1371/journal.pone.0290719"
0,770,"plos one",2023,"10.1371/journal.pone.0290511"
0,411,"plos one",2023,"10.1371/journal.pone.0290694"
0,732,"plos one",2023,"10.1371/journal.pone.0285695"
0,626,"plos one",2023,"10.1371/journal.pone.0276041"
0,334,"plos one",2023,"10.1371/journal.pone.0290086"
0,435,"plos one",2023,"10.1371/journal.pone.0289720"
0,246,"plos one",2023,"10.1371/journal.pone.0290015"
0,456,"plos one",2023,"10.1371/journal.pone.0289251"
0,242,"plos one",2023,"10.1371/journal.pone.0289024"
0,629,"plos one",2023,"10.1371/journal.pone.0287755"
0,881,"plos one",2023,"10.1371/journal.pone.0288788"
0,768,"plos one",2023,"10.1371/journal.pone.0288510"
0,482,"plos one",2023,"10.1371/journal.pone.0288866"
0,774,"plos one",2023,"10.1371/journal.pone.0287672"
0,890,"plos one",2023,"10.1371/journal.pone.0288537"
0,259,"plos one",2023,"10.1371/journal.pone.0285806"
0,788,"plos one",2023,"10.1371/journal.pone.0287820"
0,903,"plos one",2023,"10.1371/journal.pone.0285804"
0,848,"plos one",2023,"10.1371/journal.pone.0285173"
0,794,"plos one",2023,"10.1371/journal.pone.0286033"
0,860,"plos one",2023,"10.1371/journal.pone.0287475"
0,670,"plos one",2023,"10.1371/journal.pone.0286817"
0,503,"plos one",2023,"10.1371/journal.pone.0286913"
0,939,"plos one",2023,"10.1371/journal.pone.0286903"
0,817,"plos one",2023,"10.1371/journal.pone.0285837"
0,831,"plos one",2023,"10.1371/journal.pone.0284803"
0,917,"plos one",2023,"10.1371/journal.pone.0284019"
0,484,"plos one",2023,"10.1371/journal.pone.0283251"
0,62,"plos one",2023,"10.1371/journal.pone.0282968"
0,598,"plos one",2023,"10.1371/journal.pone.0281720"
0,931,"plos one",2023,"10.1371/journal.pone.0280849"
0,34,"plos one",2023,"10.1371/journal.pone.0282682"
0,1015,"plos one",2023,"10.1371/journal.pone.0282895"
0,782,"plos one",2023,"10.1371/journal.pone.0282158"
0,870,"plos one",2023,"10.1371/journal.pone.0278568"
0,913,"plos one",2023,"10.1371/journal.pone.0282109"
0,838,"plos one",2023,"10.1371/journal.pone.0280845"
0,285,"plos one",2023,"10.1371/journal.pone.0277652"
0,110,"plos one",2023,"10.1371/journal.pone.0279534"
0,930,"plos one",2023,"10.1371/journal.pone.0281403"
0,73,"plos one",2023,"10.1371/journal.pone.0276495"
0,942,"plos one",2023,"10.1371/journal.pone.0276973"
0,948,"plos one",2023,"10.1371/journal.pone.0280389"
0,139,"plos one",2023,"10.1371/journal.pone.0280239"
0,88,"plos one",2023,"10.1371/journal.pone.0279520"
0,521,"plos one",2022,"10.1371/journal.pone.0279120"
0,622,"plos one",2022,"10.1371/journal.pone.0278164"
0,1034,"plos one",2022,"10.1371/journal.pone.0278333"
0,1049,"plos one",2022,"10.1371/journal.pone.0277519"
0,888,"plos one",2022,"10.1371/journal.pone.0275422"
0,181,"plos one",2022,"10.1371/journal.pone.0277977"
0,846,"plos one",2022,"10.1371/journal.pone.0277329"
0,196,"plos one",2022,"10.1371/journal.pone.0277539"
0,1130,"plos one",2022,"10.1371/journal.pone.0277706"
0,656,"plos one",2022,"10.1371/journal.pone.0277673"
0,1141,"plos one",2022,"10.1371/journal.pone.0272828"
0,658,"plos one",2022,"10.1371/journal.pone.0272800"
0,42,"plos one",2022,"10.1371/journal.pone.0275989"
0,1196,"plos one",2022,"10.1371/journal.pone.0275541"
0,1183,"plos one",2022,"10.1371/journal.pone.0274116"
0,996,"plos one",2022,"10.1371/journal.pone.0274047"
0,954,"plos one",2022,"10.1371/journal.pone.0272521"
0,1155,"plos one",2022,"10.1371/journal.pone.0271401"
0,314,"plos one",2022,"10.1371/journal.pone.0271107"
0,950,"plos one",2022,"10.1371/journal.pone.0273023"
0,1212,"plos one",2022,"10.1371/journal.pone.0272447"
0,780,"plos one",2022,"10.1371/journal.pone.0271017"
0,950,"plos one",2022,"10.1371/journal.pone.0272396"
0,787,"plos one",2022,"10.1371/journal.pone.0271387"
0,251,"plos one",2022,"10.1371/journal.pone.0269739"
0,309,"plos one",2022,"10.1371/journal.pone.0272717"
0,196,"plos one",2022,"10.1371/journal.pone.0271163"
0,317,"plos one",2022,"10.1371/journal.pone.0272776"
0,168,"plos one",2022,"10.1371/journal.pone.0271769"
0,212,"plos one",2022,"10.1371/journal.pone.0272213"
0,1260,"plos one",2022,"10.1371/journal.pone.0271485"
0,1116,"plos one",2022,"10.1371/journal.pone.0271696"
0,1015,"plos one",2022,"10.1371/journal.pone.0270308"
0,831,"plos one",2022,"10.1371/journal.pone.0269879"
0,836,"plos one",2022,"10.1371/journal.pone.0269575"
0,714,"plos one",2022,"10.1371/journal.pone.0270363"
0,880,"plos one",2022,"10.1371/journal.pone.0269025"
0,79,"plos one",2022,"10.1371/journal.pone.0268907"
0,68,"plos one",2022,"10.1371/journal.pone.0265325"
0,97,"plos one",2022,"10.1371/journal.pone.0267939"
0,89,"plos one",2022,"10.1371/journal.pone.0268919"
0,96,"plos one",2022,"10.1371/journal.pone.0266778"
0,127,"plos one",2022,"10.1371/journal.pone.0268658"
0,84,"plos one",2022,"10.1371/journal.pone.0263289"
0,100,"plos one",2022,"10.1371/journal.pone.0267987"
0,1079,"plos one",2022,"10.1371/journal.pone.0264210"
0,130,"plos one",2022,"10.1371/journal.pone.0268659"
0,576,"plos one",2022,"10.1371/journal.pone.0263753"
0,1196,"plos one",2022,"10.1371/journal.pone.0262782"
0,110,"plos one",2022,"10.1371/journal.pone.0268154"
0,399,"plos one",2022,"10.1371/journal.pone.0263605"
0,951,"plos one",2022,"10.1371/journal.pone.0265566"
0,143,"plos one",2022,"10.1371/journal.pone.0267788"
0,1110,"plos one",2022,"10.1371/journal.pone.0263901"
0,126,"plos one",2022,"10.1371/journal.pone.0267483"
0,105,"plos one",2022,"10.1371/journal.pone.0266695"
0,131,"plos one",2022,"10.1371/journal.pone.0263260"
0,1100,"plos one",2022,"10.1371/journal.pone.0265026"
0,124,"plos one",2022,"10.1371/journal.pone.0266248"
0,125,"plos one",2022,"10.1371/journal.pone.0265206"
0,1188,"plos one",2022,"10.1371/journal.pone.0265443"
0,111,"plos one",2022,"10.1371/journal.pone.0264476"
0,100,"plos one",2022,"10.1371/journal.pone.0266676"
0,148,"plos one",2022,"10.1371/journal.pone.0265515"
0,162,"plos one",2022,"10.1371/journal.pone.0267499"
0,135,"plos one",2022,"10.1371/journal.pone.0266675"
0,138,"plos one",2022,"10.1371/journal.pone.0266756"
0,153,"plos one",2022,"10.1371/journal.pone.0265694"
0,518,"plos one",2022,"10.1371/journal.pone.0263634"
0,651,"plos one",2022,"10.1371/journal.pone.0266297"
0,1406,"plos one",2022,"10.1371/journal.pone.0266898"
1,112,"plos one",2022,"10.1371/journal.pone.0263144"
0,139,"plos one",2022,"10.1371/journal.pone.0266753"
0,153,"plos one",2022,"10.1371/journal.pone.0265654"
0,111,"plos one",2022,"10.1371/journal.pone.0266694"
0,377,"plos one",2022,"10.1371/journal.pone.0265125"
0,1155,"plos one",2022,"10.1371/journal.pone.0265005"
0,134,"plos one",2022,"10.1371/journal.pone.0260746"
0,152,"plos one",2022,"10.1371/journal.pone.0265969"
0,183,"plos one",2022,"10.1371/journal.pone.0265956"
0,167,"plos one",2022,"10.1371/journal.pone.0265454"
0,176,"plos one",2022,"10.1371/journal.pone.0265111"
0,766,"plos one",2022,"10.1371/journal.pone.0265961"
0,153,"plos one",2022,"10.1371/journal.pone.0266403"
0,167,"plos one",2022,"10.1371/journal.pone.0263263"
0,141,"plos one",2022,"10.1371/journal.pone.0266087"
0,442,"plos one",2022,"10.1371/journal.pone.0265028"
0,128,"plos one",2022,"10.1371/journal.pone.0266145"
0,505,"plos one",2022,"10.1371/journal.pone.0265893"
0,143,"plos one",2022,"10.1371/journal.pone.0265119"
0,243,"plos one",2022,"10.1371/journal.pone.0265344"
0,169,"plos one",2022,"10.1371/journal.pone.0264975"
0,401,"plos one",2022,"10.1371/journal.pone.0264478"
0,648,"plos one",2022,"10.1371/journal.pone.0265231"
0,203,"plos one",2022,"10.1371/journal.pone.0265270"
0,993,"plos one",2022,"10.1371/journal.pone.0263358"
0,383,"plos one",2022,"10.1371/journal.pone.0264552"
0,201,"plos one",2022,"10.1371/journal.pone.0264269"
0,1354,"plos one",2022,"10.1371/journal.pone.0263853"
0,1271,"plos one",2022,"10.1371/journal.pone.0264093"
0,942,"plos one",2022,"10.1371/journal.pone.0263755"
0,176,"plos one",2022,"10.1371/journal.pone.0263194"
0,1288,"plos one",2022,"10.1371/journal.pone.0263604"
0,190,"plos one",2022,"10.1371/journal.pone.0263978"
0,851,"plos one",2022,"10.1371/journal.pone.0263324"
0,202,"plos one",2022,"10.1371/journal.pone.0263323"
0,233,"plos one",2022,"10.1371/journal.pone.0263456"
0,215,"plos one",2022,"10.1371/journal.pone.0262937"
0,279,"plos one",2022,"10.1371/journal.pone.0260868"
0,492,"plos one",2022,"10.1371/journal.pone.0262338"
0,223,"plos one",2022,"10.1371/journal.pone.0259520"
0,223,"plos one",2022,"10.1371/journal.pone.0262812"
0,1313,"plos one",2022,"10.1371/journal.pone.0263069"
0,1181,"plos one",2022,"10.1371/journal.pone.0262398"
0,596,"plos one",2022,"10.1371/journal.pone.0262697"
0,1196,"plos one",2022,"10.1371/journal.pone.0262586"
0,188,"plos one",2022,"10.1371/journal.pone.0259403"
0,236,"plos one",2022,"10.1371/journal.pone.0260607"
0,1147,"plos one",2022,"10.1371/journal.pone.0262230"
0,1607,"plos one",2022,"10.1371/journal.pone.0262127"
0,593,"plos one",2022,"10.1371/journal.pone.0262222"
0,1483,"plos one",2022,"10.1371/journal.pone.0261341"
0,455,"plos one",2022,"10.1371/journal.pone.0262040"
0,209,"plos one",2022,"10.1371/journal.pone.0260916"
0,516,"plos one",2022,"10.1371/journal.pone.0262569"
0,230,"plos one",2022,"10.1371/journal.pone.0262309"
0,1167,"plos one",2022,"10.1371/journal.pone.0262494"
0,208,"plos one",2022,"10.1371/journal.pone.0262140"
0,1268,"plos one",2022,"10.1371/journal.pone.0262288"
0,244,"plos one",2021,"10.1371/journal.pone.0260971"
0,414,"plos one",2021,"10.1371/journal.pone.0260662"
0,237,"plos one",2021,"10.1371/journal.pone.0261225"
0,1387,"plos one",2021,"10.1371/journal.pone.0260653"
0,1456,"plos one",2021,"10.1371/journal.pone.0261873"
0,485,"plos one",2021,"10.1371/journal.pone.0260556"
0,239,"plos one",2021,"10.1371/journal.pone.0260673"
0,1187,"plos one",2021,"10.1371/journal.pone.0261594"
0,229,"plos one",2021,"10.1371/journal.pone.0260990"
0,308,"plos one",2021,"10.1371/journal.pone.0261468"
0,1484,"plos one",2021,"10.1371/journal.pone.0261127"
0,244,"plos one",2021,"10.1371/journal.pone.0259645"
0,1258,"plos one",2021,"10.1371/journal.pone.0261437"
0,247,"plos one",2021,"10.1371/journal.pone.0260869"
0,1195,"plos one",2021,"10.1371/journal.pone.0258627"
0,295,"plos one",2021,"10.1371/journal.pone.0259585"
0,301,"plos one",2021,"10.1371/journal.pone.0260865"
0,244,"plos one",2021,"10.1371/journal.pone.0259867"
0,503,"plos one",2021,"10.1371/journal.pone.0260674"
0,259,"plos one",2021,"10.1371/journal.pone.0260470"
0,1188,"plos one",2021,"10.1371/journal.pone.0260883"
0,260,"plos one",2021,"10.1371/journal.pone.0259404"
0,363,"plos one",2021,"10.1371/journal.pone.0251389"
0,275,"plos one",2021,"10.1371/journal.pone.0259695"
0,306,"plos one",2021,"10.1371/journal.pone.0260008"
0,1430,"plos one",2021,"10.1371/journal.pone.0259409"
0,295,"plos one",2021,"10.1371/journal.pone.0259749"
0,524,"plos one",2021,"10.1371/journal.pone.0258431"
0,1225,"plos one",2021,"10.1371/journal.pone.0255666"
0,282,"plos one",2021,"10.1371/journal.pone.0259214"
0,1241,"plos one",2021,"10.1371/journal.pone.0259512"
0,300,"plos one",2021,"10.1371/journal.pone.0258703"
0,330,"plos one",2021,"10.1371/journal.pone.0259289"
0,672,"plos one",2021,"10.1371/journal.pone.0259284"
0,285,"plos one",2021,"10.1371/journal.pone.0258920"
0,1569,"plos one",2021,"10.1371/journal.pone.0259222"
0,286,"plos one",2021,"10.1371/journal.pone.0257893"
0,678,"plos one",2021,"10.1371/journal.pone.0259283"
0,278,"plos one",2021,"10.1371/journal.pone.0255502"
0,293,"plos one",2021,"10.1371/journal.pone.0257951"
0,888,"plos one",2021,"10.1371/journal.pone.0254542"
0,311,"plos one",2021,"10.1371/journal.pone.0254892"
0,294,"plos one",2021,"10.1371/journal.pone.0257952"
0,1302,"plos one",2021,"10.1371/journal.pone.0256542"
0,608,"plos one",2021,"10.1371/journal.pone.0258167"
0,354,"plos one",2021,"10.1371/journal.pone.0258430"
0,1290,"plos one",2021,"10.1371/journal.pone.0258361"
0,300,"plos one",2021,"10.1371/journal.pone.0256984"
0,699,"plos one",2021,"10.1371/journal.pone.0257844"
0,560,"plos one",2021,"10.1371/journal.pone.0255043"
0,1133,"plos one",2021,"10.1371/journal.pone.0257631"
0,734,"plos one",2021,"10.1371/journal.pone.0257582"
0,79,"plos one",2021,"10.1371/journal.pone.0257908"
0,951,"plos one",2021,"10.1371/journal.pone.0252087"
0,784,"plos one",2021,"10.1371/journal.pone.0257023"
0,422,"plos one",2021,"10.1371/journal.pone.0257083"
0,317,"plos one",2021,"10.1371/journal.pone.0256075"
0,321,"plos one",2021,"10.1371/journal.pone.0256449"
0,429,"plos one",2021,"10.1371/journal.pone.0256197"
0,735,"plos one",2021,"10.1371/journal.pone.0256836"
0,979,"plos one",2021,"10.1371/journal.pone.0253428"
0,657,"plos one",2021,"10.1371/journal.pone.0256376"
0,357,"plos one",2021,"10.1371/journal.pone.0256450"
0,1294,"plos one",2021,"10.1371/journal.pone.0256360"
0,358,"plos one",2021,"10.1371/journal.pone.0256377"
0,1295,"plos one",2021,"10.1371/journal.pone.0250689"
0,670,"plos one",2021,"10.1371/journal.pone.0255847"
0,672,"plos one",2021,"10.1371/journal.pone.0255853"
0,926,"plos one",2021,"10.1371/journal.pone.0255848"
0,1564,"plos one",2021,"10.1371/journal.pone.0253452"
0,1308,"plos one",2021,"10.1371/journal.pone.0255737"
0,1373,"plos one",2021,"10.1371/journal.pone.0255749"
0,1528,"plos one",2021,"10.1371/journal.pone.0255428"
0,405,"plos one",2021,"10.1371/journal.pone.0255536"
0,1596,"plos one",2021,"10.1371/journal.pone.0254875"
0,1757,"plos one",2021,"10.1371/journal.pone.0255392"
0,685,"plos one",2021,"10.1371/journal.pone.0255010"
0,1043,"plos one",2021,"10.1371/journal.pone.0254547"
0,372,"plos one",2021,"10.1371/journal.pone.0254318"
0,1535,"plos one",2021,"10.1371/journal.pone.0255177"
0,418,"plos one",2021,"10.1371/journal.pone.0255029"
0,1358,"plos one",2021,"10.1371/journal.pone.0254576"
0,405,"plos one",2021,"10.1371/journal.pone.0254678"
0,813,"plos one",2021,"10.1371/journal.pone.0253617"
0,1451,"plos one",2021,"10.1371/journal.pone.0254412"
0,383,"plos one",2021,"10.1371/journal.pone.0254452"
0,859,"plos one",2021,"10.1371/journal.pone.0254544"
0,1198,"plos one",2021,"10.1371/journal.pone.0253714"
0,701,"plos one",2021,"10.1371/journal.pone.0254647"
0,646,"plos one",2021,"10.1371/journal.pone.0253798"
0,702,"plos one",2021,"10.1371/journal.pone.0254602"
0,1384,"plos one",2021,"10.1371/journal.pone.0243108"
0,439,"plos one",2021,"10.1371/journal.pone.0252262"
0,399,"plos one",2021,"10.1371/journal.pone.0253390"
0,656,"plos one",2021,"10.1371/journal.pone.0253836"
0,511,"plos one",2021,"10.1371/journal.pone.0253085"
0,814,"plos one",2021,"10.1371/journal.pone.0250802"
0,512,"plos one",2021,"10.1371/journal.pone.0249230"
0,453,"plos one",2021,"10.1371/journal.pone.0253557"
0,1581,"plos one",2021,"10.1371/journal.pone.0252773"
0,1378,"plos one",2021,"10.1371/journal.pone.0251991"
0,498,"plos one",2021,"10.1371/journal.pone.0252393"
0,900,"plos one",2021,"10.1371/journal.pone.0252244"
0,50,"plos one",2021,"10.1371/journal.pone.0252332"
0,478,"plos one",2021,"10.1371/journal.pone.0251278"
0,571,"plos one",2021,"10.1371/journal.pone.0251888"
0,247,"plos one",2021,"10.1371/journal.pone.0249375"
0,973,"plos one",2021,"10.1371/journal.pone.0251716"
0,891,"plos one",2021,"10.1371/journal.pone.0251483"
0,829,"plos one",2021,"10.1371/journal.pone.0251529"
0,761,"plos one",2021,"10.1371/journal.pone.0251232"
0,447,"plos one",2021,"10.1371/journal.pone.0251471"
0,461,"plos one",2021,"10.1371/journal.pone.0249147"
0,1452,"plos one",2021,"10.1371/journal.pone.0250959"
0,968,"plos one",2021,"10.1371/journal.pone.0250773"
0,424,"plos one",2021,"10.1371/journal.pone.0250295"
0,1432,"plos one",2021,"10.1371/journal.pone.0250130"
0,474,"plos one",2021,"10.1371/journal.pone.0248207"
0,582,"plos one",2021,"10.1371/journal.pone.0248593"
0,587,"plos one",2021,"10.1371/journal.pone.0247558"
0,1441,"plos one",2021,"10.1371/journal.pone.0246403"
0,876,"plos one",2021,"10.1371/journal.pone.0248923"
0,87,"plos one",2021,"10.1371/journal.pone.0248873"
0,574,"plos one",2021,"10.1371/journal.pone.0247593"
0,575,"plos one",2021,"10.1371/journal.pone.0248116"
0,951,"plos one",2021,"10.1371/journal.pone.0248727"
0,1666,"plos one",2021,"10.1371/journal.pone.0247549"
0,1486,"plos one",2021,"10.1371/journal.pone.0244403"
0,896,"plos one",2021,"10.1371/journal.pone.0246718"
0,924,"plos one",2021,"10.1371/journal.pone.0245259"
0,659,"plos one",2021,"10.1371/journal.pone.0247642"
0,603,"plos one",2021,"10.1371/journal.pone.0247529"
0,1128,"plos one",2021,"10.1371/journal.pone.0246581"
0,1636,"plos one",2021,"10.1371/journal.pone.0246154"
0,1488,"plos one",2021,"10.1371/journal.pone.0244617"
0,636,"plos one",2021,"10.1371/journal.pone.0247137"
0,219,"plos one",2021,"10.1371/journal.pone.0246519"
0,617,"plos one",2021,"10.1371/journal.pone.0245928"
0,1496,"plos one",2021,"10.1371/journal.pone.0246404"
1,850,"plos one",2021,"10.1371/journal.pone.0225869"
0,1397,"plos one",2021,"10.1371/journal.pone.0240851"
0,648,"plos one",2021,"10.1371/journal.pone.0244931"
0,965,"plos one",2021,"10.1371/journal.pone.0243151"
0,1553,"plos one",2021,"10.1371/journal.pone.0245097"
0,579,"plos one",2021,"10.1371/journal.pone.0261090"
0,742,"science advances",2022,"10.1126/sciadv.ade8971"
0,7,"science advances",2021,"10.1126/sciadv.abd7180"
0,255,"scientific reports",2024,"10.1038/s41598-024-82045-y"
0,471,"scientific reports",2024,"10.1038/s41598-024-81487-8"
0,483,"scientific reports",2024,"10.1038/s41598-024-76348-3"
0,480,"scientific reports",2024,"10.1038/s41598-024-81354-6"
0,28,"scientific reports",2024,"10.1038/s41598-024-76632-2"
0,179,"scientific reports",2024,"10.1038/s41598-024-79925-8"
0,32,"scientific reports",2024,"10.1038/s41598-024-77677-z"
0,388,"scientific reports",2024,"10.1038/s41598-024-79953-4"
0,299,"scientific reports",2024,"10.1038/s41598-024-78092-0"
0,457,"scientific reports",2024,"10.1038/s41598-024-75784-5"
0,549,"scientific reports",2024,"10.1038/s41598-024-76483-x"
0,552,"scientific reports",2024,"10.1038/s41598-024-76016-6"
0,602,"scientific reports",2024,"10.1038/s41598-024-75174-x"
0,543,"scientific reports",2024,"10.1038/s41598-024-73570-x"
0,118,"scientific reports",2024,"10.1038/s41598-024-73278-y"
0,544,"scientific reports",2024,"10.1038/s41598-024-72208-2"
0,266,"scientific reports",2024,"10.1038/s41598-024-72250-0"
0,132,"scientific reports",2024,"10.1038/s41598-024-70835-3"
0,635,"scientific reports",2024,"10.1038/s41598-024-70354-1"
0,203,"scientific reports",2024,"10.1038/s41598-024-65679-w"
0,616,"scientific reports",2024,"10.1038/s41598-024-65834-3"
0,572,"scientific reports",2024,"10.1038/s41598-024-59223-z"
0,241,"scientific reports",2024,"10.1038/s41598-024-64419-4"
0,242,"scientific reports",2024,"10.1038/s41598-024-63965-1"
0,693,"scientific reports",2024,"10.1038/s41598-024-61665-4"
0,284,"scientific reports",2024,"10.1038/s41598-024-59416-6"
0,392,"scientific reports",2024,"10.1038/s41598-024-59900-z"
0,181,"scientific reports",2024,"10.1038/s41598-024-56495-3"
0,209,"scientific reports",2024,"10.1038/s41598-024-57787-4"
0,259,"scientific reports",2024,"10.1038/s41598-024-57184-x"
0,534,"scientific reports",2024,"10.1038/s41598-024-55644-y"
0,312,"scientific reports",2024,"10.1038/s41598-024-56719-6"
0,523,"scientific reports",2024,"10.1038/s41598-024-55962-1"
0,40,"scientific reports",2024,"10.1038/s41598-024-54587-8"
0,766,"scientific reports",2024,"10.1038/s41598-024-53939-8"
0,140,"scientific reports",2024,"10.1038/s41598-024-53304-9"
0,347,"scientific reports",2024,"10.1038/s41598-024-53721-w"
0,845,"scientific reports",2024,"10.1038/s41598-024-53481-7"
0,651,"scientific reports",2024,"10.1038/s41598-024-52962-z"
0,573,"scientific reports",2024,"10.1038/s41598-024-51616-4"
0,304,"scientific reports",2024,"10.1038/s41598-024-52043-1"
0,227,"scientific reports",2024,"10.1038/s41598-024-51319-w"
0,308,"scientific reports",2024,"10.1038/s41598-023-50906-7"
0,83,"scientific reports",2024,"10.1038/s41598-023-50635-x"
0,557,"scientific reports",2023,"10.1038/s41598-023-49666-1"
0,490,"scientific reports",2023,"10.1038/s41598-023-48784-0"
0,665,"scientific reports",2023,"10.1038/s41598-023-49438-x"
0,880,"scientific reports",2023,"10.1038/s41598-023-48556-w"
0,670,"scientific reports",2023,"10.1038/s41598-023-46839-w"
0,378,"scientific reports",2023,"10.1038/s41598-023-46898-z"
0,796,"scientific reports",2023,"10.1038/s41598-023-46118-8"
0,294,"scientific reports",2023,"10.1038/s41598-023-46153-5"
0,627,"scientific reports",2023,"10.1038/s41598-023-45765-1"
0,412,"scientific reports",2023,"10.1038/s41598-023-45776-y"
0,755,"scientific reports",2023,"10.1038/s41598-023-45497-2"
0,579,"scientific reports",2023,"10.1038/s41598-023-44881-2"
0,457,"scientific reports",2023,"10.1038/s41598-023-43852-x"
0,338,"scientific reports",2023,"10.1038/s41598-023-43441-y"
0,42,"scientific reports",2023,"10.1038/s41598-023-43475-2"
0,951,"scientific reports",2023,"10.1038/s41598-023-42751-5"
0,981,"scientific reports",2023,"10.1038/s41598-023-42756-0"
0,257,"scientific reports",2023,"10.1038/s41598-023-37680-2"
0,429,"scientific reports",2023,"10.1038/s41598-023-41314-y"
0,871,"scientific reports",2023,"10.1038/s41598-023-41550-2"
0,986,"scientific reports",2023,"10.1038/s41598-023-41303-1"
0,176,"scientific reports",2023,"10.1038/s41598-023-39974-x"
0,288,"scientific reports",2023,"10.1038/s41598-023-38374-5"
0,832,"scientific reports",2023,"10.1038/s41598-023-38091-z"
0,290,"scientific reports",2023,"10.1038/s41598-023-36929-0"
0,1048,"scientific reports",2023,"10.1038/s41598-023-37178-x"
0,792,"scientific reports",2023,"10.1038/s41598-023-36352-5"
0,533,"scientific reports",2023,"10.1038/s41598-023-36971-y"
0,645,"scientific reports",2023,"10.1038/s41598-023-36492-8"
0,1049,"scientific reports",2023,"10.1038/s41598-023-36277-z"
0,155,"scientific reports",2023,"10.1038/s41598-023-36363-2"
0,544,"scientific reports",2023,"10.1038/s41598-023-35659-7"
0,883,"scientific reports",2023,"10.1038/s41598-023-34870-w"
0,563,"scientific reports",2023,"10.1038/s41598-023-33342-5"
0,1089,"scientific reports",2023,"10.1038/s41598-023-34514-z"
0,238,"scientific reports",2023,"10.1038/s41598-023-30795-6"
0,91,"scientific reports",2023,"10.1038/s41598-023-31439-5"
0,772,"scientific reports",2023,"10.1038/s41598-023-32951-4"
0,280,"scientific reports",2023,"10.1038/s41598-023-32497-5"
0,1015,"scientific reports",2023,"10.1038/s41598-023-32285-1"
0,439,"scientific reports",2023,"10.1038/s41598-023-31993-y"
0,476,"scientific reports",2023,"10.1038/s41598-023-31853-9"
0,859,"scientific reports",2023,"10.1038/s41598-023-30426-0"
0,563,"scientific reports",2023,"10.1038/s41598-023-28731-9"
0,677,"scientific reports",2023,"10.1038/s41598-023-29485-0"
0,475,"scientific reports",2023,"10.1038/s41598-023-27739-5"
0,1307,"scientific reports",2022,"10.1038/s41598-022-26391-9"
0,82,"scientific reports",2022,"10.1038/s41598-022-25700-6"
0,828,"scientific reports",2022,"10.1038/s41598-022-24895-y"
0,789,"scientific reports",2022,"10.1038/s41598-022-24294-3"
0,672,"scientific reports",2022,"10.1038/s41598-022-24008-9"
0,730,"scientific reports",2022,"10.1038/s41598-022-24151-3"
0,556,"scientific reports",2022,"10.1038/s41598-022-23561-7"
0,866,"scientific reports",2022,"10.1038/s41598-022-23025-y"
0,809,"scientific reports",2022,"10.1038/s41598-022-21700-8"
0,816,"scientific reports",2022,"10.1038/s41598-022-22308-8"
0,1039,"scientific reports",2022,"10.1038/s41598-022-20239-y"
0,945,"scientific reports",2022,"10.1038/s41598-022-20135-5"
0,845,"scientific reports",2022,"10.1038/s41598-022-19511-y"
0,1146,"scientific reports",2022,"10.1038/s41598-022-18557-2"
0,1001,"scientific reports",2022,"10.1038/s41598-022-18761-0"
0,78,"scientific reports",2022,"10.1038/s41598-022-17636-8"
0,566,"scientific reports",2022,"10.1038/s41598-022-16666-6"
0,1014,"scientific reports",2022,"10.1038/s41598-022-16866-0"
0,1041,"scientific reports",2022,"10.1038/s41598-022-15980-3"
0,981,"scientific reports",2022,"10.1038/s41598-022-14770-1"
0,647,"scientific reports",2022,"10.1038/s41598-022-15560-5"
0,306,"scientific reports",2022,"10.1038/s41598-022-15685-7"
0,951,"scientific reports",2022,"10.1038/s41598-022-15684-8"
0,1054,"scientific reports",2022,"10.1038/s41598-022-14847-x"
0,858,"scientific reports",2022,"10.1038/s41598-022-14329-0"
0,363,"scientific reports",2022,"10.1038/s41598-022-13692-2"
0,987,"scientific reports",2022,"10.1038/s41598-022-12283-5"
0,415,"scientific reports",2022,"10.1038/s41598-022-11642-6"
0,365,"scientific reports",2022,"10.1038/s41598-022-10958-7"
0,764,"scientific reports",2022,"10.1038/s41598-022-10639-5"
0,818,"scientific reports",2022,"10.1038/s41598-022-10193-0"
0,999,"scientific reports",2022,"10.1038/s41598-022-10212-0"
0,977,"scientific reports",2022,"10.1038/s41598-022-08658-3"
0,507,"scientific reports",2022,"10.1038/s41598-022-08134-y"
0,16,"scientific reports",2022,"10.1038/s41598-022-07005-w"
0,791,"scientific reports",2022,"10.1038/s41598-022-05979-1"
0,342,"scientific reports",2022,"10.1038/s41598-022-06049-2"
0,1343,"scientific reports",2022,"10.1038/s41598-022-05757-z"
0,575,"scientific reports",2022,"10.1038/s41598-022-05758-y"
0,719,"scientific reports",2022,"10.1038/s41598-021-04594-w"
0,991,"scientific reports",2022,"10.1038/s41598-021-03495-2"
0,178,"scientific reports",2021,"10.1038/s41598-021-03765-z"
0,268,"scientific reports",2021,"10.1038/s41598-021-03727-5"
0,484,"scientific reports",2021,"10.1038/s41598-021-03392-8"
0,609,"scientific reports",2021,"10.1038/s41598-021-01931-x"
0,966,"scientific reports",2021,"10.1038/s41598-021-01698-1"
0,637,"scientific reports",2021,"10.1038/s41598-021-00994-0"
0,36,"scientific reports",2021,"10.1038/s41598-021-00945-9"
0,1195,"scientific reports",2021,"10.1038/s41598-021-00296-5"
0,96,"scientific reports",2021,"10.1038/s41598-021-00061-8"
0,879,"scientific reports",2021,"10.1038/s41598-021-96351-2"
0,1196,"scientific reports",2021,"10.1038/s41598-021-99842-4"
0,351,"scientific reports",2021,"10.1038/s41598-021-99700-3"
0,588,"scientific reports",2021,"10.1038/s41598-021-98881-1"
0,19,"scientific reports",2021,"10.1038/s41598-021-98431-9"
0,1312,"scientific reports",2021,"10.1038/s41598-021-97778-3"
0,1224,"scientific reports",2021,"10.1038/s41598-021-97826-y"
0,340,"scientific reports",2021,"10.1038/s41598-021-97499-7"
0,299,"scientific reports",2021,"10.1038/s41598-021-97344-x"
0,164,"scientific reports",2021,"10.1038/s41598-021-96501-6"
0,677,"scientific reports",2021,"10.1038/s41598-021-94450-8"
0,1149,"scientific reports",2021,"10.1038/s41598-021-94020-y"
0,63,"scientific reports",2021,"10.1038/s41598-021-93688-6"
0,515,"scientific reports",2021,"10.1038/s41598-021-93326-1"
0,719,"scientific reports",2021,"10.1038/s41598-021-91666-6"
0,994,"scientific reports",2021,"10.1038/s41598-021-91293-1"
0,335,"scientific reports",2021,"10.1038/s41598-021-90189-4"
0,1300,"scientific reports",2021,"10.1038/s41598-021-89139-x"
0,1522,"scientific reports",2021,"10.1038/s41598-021-89352-8"
0,229,"scientific reports",2021,"10.1038/s41598-021-87523-1"
0,279,"scientific reports",2021,"10.1038/s41598-021-87546-8"
0,344,"scientific reports",2021,"10.1038/s41598-021-86804-z"
0,171,"scientific reports",2021,"10.1038/s41598-021-85227-0"
0,509,"scientific reports",2021,"10.1038/s41598-021-86291-2"
0,565,"scientific reports",2021,"10.1038/s41598-021-85097-6"
0,284,"scientific reports",2021,"10.1038/s41598-021-84092-1"
0,426,"scientific reports",2021,"10.1038/s41598-021-84580-4"
0,1440,"scientific reports",2021,"10.1038/s41598-021-83738-4"
0,677,"scientific reports",2021,"10.1038/s41598-021-83145-9"
0,445,"scientific reports",2021,"10.1038/s41598-021-82882-1"
0,1412,"scientific reports",2021,"10.1038/s41598-021-81815-2"
0,1491,"scientific reports",2021,"10.1038/s41598-020-80133-3"
0,537,"scientific reports",2021,"10.1038/s41598-020-79851-5"
0,1041,"scientific reports",2021,"10.1038/s41598-020-80428-5"
0,260,"viruses",2024,"10.3390/v16111688"
0,365,"viruses",2024,"10.3390/v16081323"
0,209,"viruses",2021,"10.3390/v13102056"
0,23,"viruses",2021,"10.3390/v13071309"
0,153,"viruses",2021,"10.3390/v13060989"
